class,classLabel,root,rootLabel,fmaSuperclasses
https://purl.bioontology.org/ontology/OFL/OFLID1000038,Parascapular cutaneous artery,https://purl.bioontology.org/ontology/OFL/OFLID1000038,Parascapular cutaneous artery,http://purl.obolibrary.org/obo/FMA_23193
https://purl.bioontology.org/ontology/OFL/OFLID1000039,Scapular cutaneous artery,https://purl.bioontology.org/ontology/OFL/OFLID1000039,Scapular cutaneous artery,http://purl.obolibrary.org/obo/FMA_23193
https://purl.bioontology.org/ontology/OFL/OFLID1000040,Ascending branch of circumflex scapular artery,https://purl.bioontology.org/ontology/OFL/OFLID1000040,Ascending branch of circumflex scapular artery,http://purl.obolibrary.org/obo/FMA_23193
https://purl.bioontology.org/ontology/OFL/OFLID1000066,Intrafascial arterial plexus,https://purl.bioontology.org/ontology/OFL/OFLID10001,Arterial plexus of the integument,http://purl.obolibrary.org/obo/FMA_5902
https://purl.bioontology.org/ontology/OFL/OFLID10001,Arterial plexus of the integument,https://purl.bioontology.org/ontology/OFL/OFLID10001,Arterial plexus of the integument,http://purl.obolibrary.org/obo/FMA_5902
https://purl.bioontology.org/ontology/OFL/OFLID10081,Dermal arterial plexus,https://purl.bioontology.org/ontology/OFL/OFLID10001,Arterial plexus of the integument,http://purl.obolibrary.org/obo/FMA_5902
https://purl.bioontology.org/ontology/OFL/OFLID10082,Subdermal arterial plexus,https://purl.bioontology.org/ontology/OFL/OFLID10001,Arterial plexus of the integument,http://purl.obolibrary.org/obo/FMA_5902
https://purl.bioontology.org/ontology/OFL/OFLID10089,Fascial arterial plexus,https://purl.bioontology.org/ontology/OFL/OFLID10001,Arterial plexus of the integument,http://purl.obolibrary.org/obo/FMA_5902
https://purl.bioontology.org/ontology/OFL/OFLID10090,Subcutaneous arterial plexus,https://purl.bioontology.org/ontology/OFL/OFLID10001,Arterial plexus of the integument,http://purl.obolibrary.org/obo/FMA_5902
https://purl.bioontology.org/ontology/OFL/OFLID10139,Prefascial arterial plexus,https://purl.bioontology.org/ontology/OFL/OFLID10001,Arterial plexus of the integument,http://purl.obolibrary.org/obo/FMA_5902
https://purl.bioontology.org/ontology/OFL/OFLID10142,Subfascial arterial plexus,https://purl.bioontology.org/ontology/OFL/OFLID10001,Arterial plexus of the integument,http://purl.obolibrary.org/obo/FMA_5902
https://purl.bioontology.org/ontology/OFL/OFLID10513,Subepidermal plexus of the skin,https://purl.bioontology.org/ontology/OFL/OFLID10001,Arterial plexus of the integument,http://purl.obolibrary.org/obo/FMA_5902
https://purl.bioontology.org/ontology/OFL/OFLID10060,Supraclavicular artery,https://purl.bioontology.org/ontology/OFL/OFLID10060,Supraclavicular artery,http://purl.obolibrary.org/obo/FMA_86020
https://purl.bioontology.org/ontology/OFL/OFLID10101,Subcutaneous adipose tissue of left axilla,https://purl.bioontology.org/ontology/OFL/OFLID10414,Subcutaneous adipose tissue of subdivision of cardinal body part,http://purl.obolibrary.org/obo/FMA_74315
https://purl.bioontology.org/ontology/OFL/OFLID10118,Subcutaneous adipose tissue of axilla,https://purl.bioontology.org/ontology/OFL/OFLID10414,Subcutaneous adipose tissue of subdivision of cardinal body part,http://purl.obolibrary.org/obo/FMA_74315
https://purl.bioontology.org/ontology/OFL/OFLID10119,Subcutaneous adipose tissue of right axilla,https://purl.bioontology.org/ontology/OFL/OFLID10414,Subcutaneous adipose tissue of subdivision of cardinal body part,http://purl.obolibrary.org/obo/FMA_74315
https://purl.bioontology.org/ontology/OFL/OFLID10122,Subcutaneous adipose tissue of right labium majus,https://purl.bioontology.org/ontology/OFL/OFLID10414,Subcutaneous adipose tissue of subdivision of cardinal body part,http://purl.obolibrary.org/obo/FMA_74315
https://purl.bioontology.org/ontology/OFL/OFLID10124,Subcutaneous adipose tissue of labium majus,https://purl.bioontology.org/ontology/OFL/OFLID10414,Subcutaneous adipose tissue of subdivision of cardinal body part,http://purl.obolibrary.org/obo/FMA_74315
https://purl.bioontology.org/ontology/OFL/OFLID10125,Subcutaneous adipose tissue of left labium majus,https://purl.bioontology.org/ontology/OFL/OFLID10414,Subcutaneous adipose tissue of subdivision of cardinal body part,http://purl.obolibrary.org/obo/FMA_74315
https://purl.bioontology.org/ontology/OFL/OFLID10154,Subcutaneous adipose tissue of superior part of abdomen proper,https://purl.bioontology.org/ontology/OFL/OFLID10414,Subcutaneous adipose tissue of subdivision of cardinal body part,http://purl.obolibrary.org/obo/FMA_74315
https://purl.bioontology.org/ontology/OFL/OFLID10258,Subcutaneous adipose tissue of subdivision of abdomen,https://purl.bioontology.org/ontology/OFL/OFLID10414,Subcutaneous adipose tissue of subdivision of cardinal body part,http://purl.obolibrary.org/obo/FMA_74315
https://purl.bioontology.org/ontology/OFL/OFLID10259,Subcutaneous adipose tissue of inferior part of back of neck,https://purl.bioontology.org/ontology/OFL/OFLID10414,Subcutaneous adipose tissue of subdivision of cardinal body part,http://purl.obolibrary.org/obo/FMA_74315
https://purl.bioontology.org/ontology/OFL/OFLID10260,Subcutaneous adipose tissue of subdivision of back of neck,https://purl.bioontology.org/ontology/OFL/OFLID10414,Subcutaneous adipose tissue of subdivision of cardinal body part,http://purl.obolibrary.org/obo/FMA_74315
https://purl.bioontology.org/ontology/OFL/OFLID10261,Subcutaneous adipose tissue of lateral part of ring finger,https://purl.bioontology.org/ontology/OFL/OFLID10414,Subcutaneous adipose tissue of subdivision of cardinal body part,http://purl.obolibrary.org/obo/FMA_74315
https://purl.bioontology.org/ontology/OFL/OFLID10262,Subcutaneous adipose tissue of lateral part of finger,https://purl.bioontology.org/ontology/OFL/OFLID10414,Subcutaneous adipose tissue of subdivision of cardinal body part,http://purl.obolibrary.org/obo/FMA_74315
https://purl.bioontology.org/ontology/OFL/OFLID10263,Subcutaneous adipose tissue of medial part of left ring finger,https://purl.bioontology.org/ontology/OFL/OFLID10414,Subcutaneous adipose tissue of subdivision of cardinal body part,http://purl.obolibrary.org/obo/FMA_74315
https://purl.bioontology.org/ontology/OFL/OFLID10264,Subcutaneous adipose tissue of medial part of ring finger,https://purl.bioontology.org/ontology/OFL/OFLID10414,Subcutaneous adipose tissue of subdivision of cardinal body part,http://purl.obolibrary.org/obo/FMA_74315
https://purl.bioontology.org/ontology/OFL/OFLID10265,Subcutaneous adipose tissue of medial part of right ring finger,https://purl.bioontology.org/ontology/OFL/OFLID10414,Subcutaneous adipose tissue of subdivision of cardinal body part,http://purl.obolibrary.org/obo/FMA_74315
https://purl.bioontology.org/ontology/OFL/OFLID10266,Subcutaneous adipose tissue of pelvis proper,https://purl.bioontology.org/ontology/OFL/OFLID10414,Subcutaneous adipose tissue of subdivision of cardinal body part,http://purl.obolibrary.org/obo/FMA_74315
https://purl.bioontology.org/ontology/OFL/OFLID10267,Subcutaneous adipose tissue of subdivision of pelvis,https://purl.bioontology.org/ontology/OFL/OFLID10414,Subcutaneous adipose tissue of subdivision of cardinal body part,http://purl.obolibrary.org/obo/FMA_74315
https://purl.bioontology.org/ontology/OFL/OFLID10268,Subcutaneous adipose tissue of posterior wall of right external acoustic tube,https://purl.bioontology.org/ontology/OFL/OFLID10414,Subcutaneous adipose tissue of subdivision of cardinal body part,http://purl.obolibrary.org/obo/FMA_74315
https://purl.bioontology.org/ontology/OFL/OFLID10269,Subcutaneous adipose tissue of posterior wall of external acoustic tube,https://purl.bioontology.org/ontology/OFL/OFLID10414,Subcutaneous adipose tissue of subdivision of cardinal body part,http://purl.obolibrary.org/obo/FMA_74315
https://purl.bioontology.org/ontology/OFL/OFLID10270,Subcutaneous adipose tissue of posterior wall of left external acoustic tube,https://purl.bioontology.org/ontology/OFL/OFLID10414,Subcutaneous adipose tissue of subdivision of cardinal body part,http://purl.obolibrary.org/obo/FMA_74315
https://purl.bioontology.org/ontology/OFL/OFLID10271,Subcutaneous adipose tissue of root of nose,https://purl.bioontology.org/ontology/OFL/OFLID10414,Subcutaneous adipose tissue of subdivision of cardinal body part,http://purl.obolibrary.org/obo/FMA_74315
https://purl.bioontology.org/ontology/OFL/OFLID10272,Subcutaneous adipose tissue of subdivision of external nose,https://purl.bioontology.org/ontology/OFL/OFLID10414,Subcutaneous adipose tissue of subdivision of cardinal body part,http://purl.obolibrary.org/obo/FMA_74315
https://purl.bioontology.org/ontology/OFL/OFLID10273,Subcutaneous adipose tissue of free upper limb,https://purl.bioontology.org/ontology/OFL/OFLID10414,Subcutaneous adipose tissue of subdivision of cardinal body part,http://purl.obolibrary.org/obo/FMA_74315
https://purl.bioontology.org/ontology/OFL/OFLID10274,Subcutaneous adipose tissue of free limb,https://purl.bioontology.org/ontology/OFL/OFLID10414,Subcutaneous adipose tissue of subdivision of cardinal body part,http://purl.obolibrary.org/obo/FMA_74315
https://purl.bioontology.org/ontology/OFL/OFLID10275,Subcutaneous adipose tissue of free lower limb,https://purl.bioontology.org/ontology/OFL/OFLID10414,Subcutaneous adipose tissue of subdivision of cardinal body part,http://purl.obolibrary.org/obo/FMA_74315
https://purl.bioontology.org/ontology/OFL/OFLID10276,Subcutaneous adipose tissue of hand proper,https://purl.bioontology.org/ontology/OFL/OFLID10414,Subcutaneous adipose tissue of subdivision of cardinal body part,http://purl.obolibrary.org/obo/FMA_74315
https://purl.bioontology.org/ontology/OFL/OFLID10277,Subcutaneous adipose tissue of segment of hand,https://purl.bioontology.org/ontology/OFL/OFLID10414,Subcutaneous adipose tissue of subdivision of cardinal body part,http://purl.obolibrary.org/obo/FMA_74315
https://purl.bioontology.org/ontology/OFL/OFLID10278,Subcutaneous adipose tissue of front of right lower limb,https://purl.bioontology.org/ontology/OFL/OFLID10414,Subcutaneous adipose tissue of subdivision of cardinal body part,http://purl.obolibrary.org/obo/FMA_74315
https://purl.bioontology.org/ontology/OFL/OFLID10279,Subcutaneous adipose tissue of front of lower limb,https://purl.bioontology.org/ontology/OFL/OFLID10414,Subcutaneous adipose tissue of subdivision of cardinal body part,http://purl.obolibrary.org/obo/FMA_74315
https://purl.bioontology.org/ontology/OFL/OFLID10280,Subcutaneous adipose tissue of front of left lower limb,https://purl.bioontology.org/ontology/OFL/OFLID10414,Subcutaneous adipose tissue of subdivision of cardinal body part,http://purl.obolibrary.org/obo/FMA_74315
https://purl.bioontology.org/ontology/OFL/OFLID10281,Subcutaneous adipose tissue of cymba conchae of pinna,https://purl.bioontology.org/ontology/OFL/OFLID10414,Subcutaneous adipose tissue of subdivision of cardinal body part,http://purl.obolibrary.org/obo/FMA_74315
https://purl.bioontology.org/ontology/OFL/OFLID10282,Subcutaneous adipose tissue of subdivision of conchal part of pinna,https://purl.bioontology.org/ontology/OFL/OFLID10414,Subcutaneous adipose tissue of subdivision of cardinal body part,http://purl.obolibrary.org/obo/FMA_74315
https://purl.bioontology.org/ontology/OFL/OFLID10283,Subcutaneous adipose tissue of concha proper of pinna,https://purl.bioontology.org/ontology/OFL/OFLID10414,Subcutaneous adipose tissue of subdivision of cardinal body part,http://purl.obolibrary.org/obo/FMA_74315
https://purl.bioontology.org/ontology/OFL/OFLID10285,Subcutaneous adipose tissue of suprascapular part of right pectoral girdle,https://purl.bioontology.org/ontology/OFL/OFLID10414,Subcutaneous adipose tissue of subdivision of cardinal body part,http://purl.obolibrary.org/obo/FMA_74315
https://purl.bioontology.org/ontology/OFL/OFLID10286,Subcutaneous adipose tissue of suprascapular part of pectoral girdle,https://purl.bioontology.org/ontology/OFL/OFLID10414,Subcutaneous adipose tissue of subdivision of cardinal body part,http://purl.obolibrary.org/obo/FMA_74315
https://purl.bioontology.org/ontology/OFL/OFLID10287,Subcutaneous adipose tissue of suprascapular part of left pectoral girdle,https://purl.bioontology.org/ontology/OFL/OFLID10414,Subcutaneous adipose tissue of subdivision of cardinal body part,http://purl.obolibrary.org/obo/FMA_74315
https://purl.bioontology.org/ontology/OFL/OFLID10288,Subcutaneous adipose tissue of clitoris,https://purl.bioontology.org/ontology/OFL/OFLID10414,Subcutaneous adipose tissue of subdivision of cardinal body part,http://purl.obolibrary.org/obo/FMA_74315
https://purl.bioontology.org/ontology/OFL/OFLID10289,Subcutaneous adipose tissue of subdivision of urogenital part of female perineum,https://purl.bioontology.org/ontology/OFL/OFLID10414,Subcutaneous adipose tissue of subdivision of cardinal body part,http://purl.obolibrary.org/obo/FMA_74315
https://purl.bioontology.org/ontology/OFL/OFLID10290,Subcutaneous adipose tissue of lateral malleolar part of right ankle,https://purl.bioontology.org/ontology/OFL/OFLID10414,Subcutaneous adipose tissue of subdivision of cardinal body part,http://purl.obolibrary.org/obo/FMA_74315
https://purl.bioontology.org/ontology/OFL/OFLID10291,Subcutaneous adipose tissue of lateral malleolar part of ankle,https://purl.bioontology.org/ontology/OFL/OFLID10414,Subcutaneous adipose tissue of subdivision of cardinal body part,http://purl.obolibrary.org/obo/FMA_74315
https://purl.bioontology.org/ontology/OFL/OFLID10292,Subcutaneous adipose tissue of lateral malleolar part of left ankle,https://purl.bioontology.org/ontology/OFL/OFLID10414,Subcutaneous adipose tissue of subdivision of cardinal body part,http://purl.obolibrary.org/obo/FMA_74315
https://purl.bioontology.org/ontology/OFL/OFLID10293,Subcutaneous adipose tissue of subdivision of trunk proper,https://purl.bioontology.org/ontology/OFL/OFLID10414,Subcutaneous adipose tissue of subdivision of cardinal body part,http://purl.obolibrary.org/obo/FMA_74315
https://purl.bioontology.org/ontology/OFL/OFLID10331,Subcutaneous adipose tissue of ankle,https://purl.bioontology.org/ontology/OFL/OFLID10414,Subcutaneous adipose tissue of subdivision of cardinal body part,http://purl.obolibrary.org/obo/FMA_74315
https://purl.bioontology.org/ontology/OFL/OFLID10332,Subcutaneous adipose tissue of free lower limb segment,https://purl.bioontology.org/ontology/OFL/OFLID10414,Subcutaneous adipose tissue of subdivision of cardinal body part,http://purl.obolibrary.org/obo/FMA_74315
https://purl.bioontology.org/ontology/OFL/OFLID10333,Subcutaneous adipose tissue of left external acoustic tube,https://purl.bioontology.org/ontology/OFL/OFLID10414,Subcutaneous adipose tissue of subdivision of cardinal body part,http://purl.obolibrary.org/obo/FMA_74315
https://purl.bioontology.org/ontology/OFL/OFLID10334,Subcutaneous adipose tissue of external acoustic tube,https://purl.bioontology.org/ontology/OFL/OFLID10414,Subcutaneous adipose tissue of subdivision of cardinal body part,http://purl.obolibrary.org/obo/FMA_74315
https://purl.bioontology.org/ontology/OFL/OFLID10335,Subcutaneous adipose tissue of right external acoustic tube,https://purl.bioontology.org/ontology/OFL/OFLID10414,Subcutaneous adipose tissue of subdivision of cardinal body part,http://purl.obolibrary.org/obo/FMA_74315
https://purl.bioontology.org/ontology/OFL/OFLID10336,Subcutaneous adipose tissue of dorsal part of right foot,https://purl.bioontology.org/ontology/OFL/OFLID10414,Subcutaneous adipose tissue of subdivision of cardinal body part,http://purl.obolibrary.org/obo/FMA_74315
https://purl.bioontology.org/ontology/OFL/OFLID10337,Subcutaneous adipose tissue of dorsal part of foot,https://purl.bioontology.org/ontology/OFL/OFLID10414,Subcutaneous adipose tissue of subdivision of cardinal body part,http://purl.obolibrary.org/obo/FMA_74315
https://purl.bioontology.org/ontology/OFL/OFLID10338,Subcutaneous adipose tissue of dorsal part of left foot,https://purl.bioontology.org/ontology/OFL/OFLID10414,Subcutaneous adipose tissue of subdivision of cardinal body part,http://purl.obolibrary.org/obo/FMA_74315
https://purl.bioontology.org/ontology/OFL/OFLID10339,Subcutaneous adipose tissue of anterior chest wall,https://purl.bioontology.org/ontology/OFL/OFLID10414,Subcutaneous adipose tissue of subdivision of cardinal body part,http://purl.obolibrary.org/obo/FMA_74315
https://purl.bioontology.org/ontology/OFL/OFLID10340,Subcutaneous adipose tissue of region of chest wall,https://purl.bioontology.org/ontology/OFL/OFLID10414,Subcutaneous adipose tissue of subdivision of cardinal body part,http://purl.obolibrary.org/obo/FMA_74315
https://purl.bioontology.org/ontology/OFL/OFLID10341,Subcutaneous adipose tissue of male thorax,https://purl.bioontology.org/ontology/OFL/OFLID10414,Subcutaneous adipose tissue of subdivision of cardinal body part,http://purl.obolibrary.org/obo/FMA_74315
https://purl.bioontology.org/ontology/OFL/OFLID10342,Subcutaneous adipose tissue of thorax,https://purl.bioontology.org/ontology/OFL/OFLID10414,Subcutaneous adipose tissue of subdivision of cardinal body part,http://purl.obolibrary.org/obo/FMA_74315
https://purl.bioontology.org/ontology/OFL/OFLID10343,Subcutaneous adipose tissue of female thorax,https://purl.bioontology.org/ontology/OFL/OFLID10414,Subcutaneous adipose tissue of subdivision of cardinal body part,http://purl.obolibrary.org/obo/FMA_74315
https://purl.bioontology.org/ontology/OFL/OFLID10344,Subcutaneous adipose tissue of pectoral part of right pectoral girdle,https://purl.bioontology.org/ontology/OFL/OFLID10414,Subcutaneous adipose tissue of subdivision of cardinal body part,http://purl.obolibrary.org/obo/FMA_74315
https://purl.bioontology.org/ontology/OFL/OFLID10345,Subcutaneous adipose tissue of anterior part of pectoral girdle,https://purl.bioontology.org/ontology/OFL/OFLID10414,Subcutaneous adipose tissue of subdivision of cardinal body part,http://purl.obolibrary.org/obo/FMA_74315
https://purl.bioontology.org/ontology/OFL/OFLID10346,Subcutaneous adipose tissue of pectoral part of left pectoral girdle,https://purl.bioontology.org/ontology/OFL/OFLID10414,Subcutaneous adipose tissue of subdivision of cardinal body part,http://purl.obolibrary.org/obo/FMA_74315
https://purl.bioontology.org/ontology/OFL/OFLID10347,Subcutaneous adipose tissue of lateral wall of left axilla,https://purl.bioontology.org/ontology/OFL/OFLID10414,Subcutaneous adipose tissue of subdivision of cardinal body part,http://purl.obolibrary.org/obo/FMA_74315
https://purl.bioontology.org/ontology/OFL/OFLID10348,Subcutaneous adipose tissue of lateral wall of axilla,https://purl.bioontology.org/ontology/OFL/OFLID10414,Subcutaneous adipose tissue of subdivision of cardinal body part,http://purl.obolibrary.org/obo/FMA_74315
https://purl.bioontology.org/ontology/OFL/OFLID10349,Subcutaneous adipose tissue of lateral wall of right axilla,https://purl.bioontology.org/ontology/OFL/OFLID10414,Subcutaneous adipose tissue of subdivision of cardinal body part,http://purl.obolibrary.org/obo/FMA_74315
https://purl.bioontology.org/ontology/OFL/OFLID10350,Subcutaneous adipose tissue of subdivision of thorax,https://purl.bioontology.org/ontology/OFL/OFLID10414,Subcutaneous adipose tissue of subdivision of cardinal body part,http://purl.obolibrary.org/obo/FMA_74315
https://purl.bioontology.org/ontology/OFL/OFLID10351,Subcutaneous adipose tissue of left eye,https://purl.bioontology.org/ontology/OFL/OFLID10414,Subcutaneous adipose tissue of subdivision of cardinal body part,http://purl.obolibrary.org/obo/FMA_74315
https://purl.bioontology.org/ontology/OFL/OFLID10352,Subcutaneous adipose tissue of eye,https://purl.bioontology.org/ontology/OFL/OFLID10414,Subcutaneous adipose tissue of subdivision of cardinal body part,http://purl.obolibrary.org/obo/FMA_74315
https://purl.bioontology.org/ontology/OFL/OFLID10353,Subcutaneous adipose tissue of right eye,https://purl.bioontology.org/ontology/OFL/OFLID10414,Subcutaneous adipose tissue of subdivision of cardinal body part,http://purl.obolibrary.org/obo/FMA_74315
https://purl.bioontology.org/ontology/OFL/OFLID10354,Subcutaneous adipose tissue of free limb segment,https://purl.bioontology.org/ontology/OFL/OFLID10414,Subcutaneous adipose tissue of subdivision of cardinal body part,http://purl.obolibrary.org/obo/FMA_74315
https://purl.bioontology.org/ontology/OFL/OFLID10355,Subcutaneous adipose tissue of limb segment,https://purl.bioontology.org/ontology/OFL/OFLID10414,Subcutaneous adipose tissue of subdivision of cardinal body part,http://purl.obolibrary.org/obo/FMA_74315
https://purl.bioontology.org/ontology/OFL/OFLID10356,Subcutaneous adipose tissue of right cheek,https://purl.bioontology.org/ontology/OFL/OFLID10414,Subcutaneous adipose tissue of subdivision of cardinal body part,http://purl.obolibrary.org/obo/FMA_74315
https://purl.bioontology.org/ontology/OFL/OFLID10357,Subcutaneous adipose tissue of cheek,https://purl.bioontology.org/ontology/OFL/OFLID10414,Subcutaneous adipose tissue of subdivision of cardinal body part,http://purl.obolibrary.org/obo/FMA_74315
https://purl.bioontology.org/ontology/OFL/OFLID10358,Subcutaneous adipose tissue of left cheek,https://purl.bioontology.org/ontology/OFL/OFLID10414,Subcutaneous adipose tissue of subdivision of cardinal body part,http://purl.obolibrary.org/obo/FMA_74315
https://purl.bioontology.org/ontology/OFL/OFLID10359,Subcutaneous adipose tissue of segment of knee,https://purl.bioontology.org/ontology/OFL/OFLID10414,Subcutaneous adipose tissue of subdivision of cardinal body part,http://purl.obolibrary.org/obo/FMA_74315
https://purl.bioontology.org/ontology/OFL/OFLID10360,Subcutaneous adipose tissue of external part of right external acoustic tube,https://purl.bioontology.org/ontology/OFL/OFLID10414,Subcutaneous adipose tissue of subdivision of cardinal body part,http://purl.obolibrary.org/obo/FMA_74315
https://purl.bioontology.org/ontology/OFL/OFLID10361,Subcutaneous adipose tissue of external part of external acoustic tube,https://purl.bioontology.org/ontology/OFL/OFLID10414,Subcutaneous adipose tissue of subdivision of cardinal body part,http://purl.obolibrary.org/obo/FMA_74315
https://purl.bioontology.org/ontology/OFL/OFLID10362,Subcutaneous adipose tissue of external part of left external acoustic tube,https://purl.bioontology.org/ontology/OFL/OFLID10414,Subcutaneous adipose tissue of subdivision of cardinal body part,http://purl.obolibrary.org/obo/FMA_74315
https://purl.bioontology.org/ontology/OFL/OFLID10363,Subcutaneous adipose tissue of lateral part of left knee,https://purl.bioontology.org/ontology/OFL/OFLID10414,Subcutaneous adipose tissue of subdivision of cardinal body part,http://purl.obolibrary.org/obo/FMA_74315
https://purl.bioontology.org/ontology/OFL/OFLID10364,Subcutaneous adipose tissue of lateral part of knee,https://purl.bioontology.org/ontology/OFL/OFLID10414,Subcutaneous adipose tissue of subdivision of cardinal body part,http://purl.obolibrary.org/obo/FMA_74315
https://purl.bioontology.org/ontology/OFL/OFLID10365,Subcutaneous adipose tissue of lateral part of right knee,https://purl.bioontology.org/ontology/OFL/OFLID10414,Subcutaneous adipose tissue of subdivision of cardinal body part,http://purl.obolibrary.org/obo/FMA_74315
https://purl.bioontology.org/ontology/OFL/OFLID10366,Subcutaneous adipose tissue of inframammary part of chest,https://purl.bioontology.org/ontology/OFL/OFLID10414,Subcutaneous adipose tissue of subdivision of cardinal body part,http://purl.obolibrary.org/obo/FMA_74315
https://purl.bioontology.org/ontology/OFL/OFLID10367,Subcutaneous adipose tissue of region of anterior chest,https://purl.bioontology.org/ontology/OFL/OFLID10414,Subcutaneous adipose tissue of subdivision of cardinal body part,http://purl.obolibrary.org/obo/FMA_74315
https://purl.bioontology.org/ontology/OFL/OFLID10368,Subcutaneous adipose tissue of lower inner quadrant of left female breast,https://purl.bioontology.org/ontology/OFL/OFLID10414,Subcutaneous adipose tissue of subdivision of cardinal body part,http://purl.obolibrary.org/obo/FMA_74315
https://purl.bioontology.org/ontology/OFL/OFLID10369,Subcutaneous adipose tissue of lower inner quadrant of breast,https://purl.bioontology.org/ontology/OFL/OFLID10414,Subcutaneous adipose tissue of subdivision of cardinal body part,http://purl.obolibrary.org/obo/FMA_74315
https://purl.bioontology.org/ontology/OFL/OFLID10370,Subcutaneous adipose tissue of lower inner quadrant of right female breast,https://purl.bioontology.org/ontology/OFL/OFLID10414,Subcutaneous adipose tissue of subdivision of cardinal body part,http://purl.obolibrary.org/obo/FMA_74315
https://purl.bioontology.org/ontology/OFL/OFLID10371,Subcutaneous adipose tissue of medial part of right knee,https://purl.bioontology.org/ontology/OFL/OFLID10414,Subcutaneous adipose tissue of subdivision of cardinal body part,http://purl.obolibrary.org/obo/FMA_74315
https://purl.bioontology.org/ontology/OFL/OFLID10372,Subcutaneous adipose tissue of medial part of knee,https://purl.bioontology.org/ontology/OFL/OFLID10414,Subcutaneous adipose tissue of subdivision of cardinal body part,http://purl.obolibrary.org/obo/FMA_74315
https://purl.bioontology.org/ontology/OFL/OFLID10373,Subcutaneous adipose tissue of medial part of left knee,https://purl.bioontology.org/ontology/OFL/OFLID10414,Subcutaneous adipose tissue of subdivision of cardinal body part,http://purl.obolibrary.org/obo/FMA_74315
https://purl.bioontology.org/ontology/OFL/OFLID10374,Subcutaneous adipose tissue of subdivision of urogenital part of male perineum,https://purl.bioontology.org/ontology/OFL/OFLID10414,Subcutaneous adipose tissue of subdivision of cardinal body part,http://purl.obolibrary.org/obo/FMA_74315
https://purl.bioontology.org/ontology/OFL/OFLID10375,Subcutaneous adipose tissue of subdivision of perineum,https://purl.bioontology.org/ontology/OFL/OFLID10414,Subcutaneous adipose tissue of subdivision of cardinal body part,http://purl.obolibrary.org/obo/FMA_74315
https://purl.bioontology.org/ontology/OFL/OFLID10376,Subcutaneous adipose tissue of medial part of foot,https://purl.bioontology.org/ontology/OFL/OFLID10414,Subcutaneous adipose tissue of subdivision of cardinal body part,http://purl.obolibrary.org/obo/FMA_74315
https://purl.bioontology.org/ontology/OFL/OFLID10377,Subcutaneous adipose tissue of segment of foot,https://purl.bioontology.org/ontology/OFL/OFLID10414,Subcutaneous adipose tissue of subdivision of cardinal body part,http://purl.obolibrary.org/obo/FMA_74315
https://purl.bioontology.org/ontology/OFL/OFLID10378,Subcutaneous adipose tissue of left knee,https://purl.bioontology.org/ontology/OFL/OFLID10414,Subcutaneous adipose tissue of subdivision of cardinal body part,http://purl.obolibrary.org/obo/FMA_74315
https://purl.bioontology.org/ontology/OFL/OFLID10379,Subcutaneous adipose tissue of knee,https://purl.bioontology.org/ontology/OFL/OFLID10414,Subcutaneous adipose tissue of subdivision of cardinal body part,http://purl.obolibrary.org/obo/FMA_74315
https://purl.bioontology.org/ontology/OFL/OFLID10380,Subcutaneous adipose tissue of right knee,https://purl.bioontology.org/ontology/OFL/OFLID10414,Subcutaneous adipose tissue of subdivision of cardinal body part,http://purl.obolibrary.org/obo/FMA_74315
https://purl.bioontology.org/ontology/OFL/OFLID10381,Subcutaneous adipose tissue of segment of back of hand,https://purl.bioontology.org/ontology/OFL/OFLID10414,Subcutaneous adipose tissue of subdivision of cardinal body part,http://purl.obolibrary.org/obo/FMA_74315
https://purl.bioontology.org/ontology/OFL/OFLID10382,Subcutaneous adipose tissue of subdivision of neck,https://purl.bioontology.org/ontology/OFL/OFLID10414,Subcutaneous adipose tissue of subdivision of cardinal body part,http://purl.obolibrary.org/obo/FMA_74315
https://purl.bioontology.org/ontology/OFL/OFLID10383,Subcutaneous adipose tissue of temple,https://purl.bioontology.org/ontology/OFL/OFLID10414,Subcutaneous adipose tissue of subdivision of cardinal body part,http://purl.obolibrary.org/obo/FMA_74315
https://purl.bioontology.org/ontology/OFL/OFLID10384,Subcutaneous adipose tissue of subdivision of temporal part of head,https://purl.bioontology.org/ontology/OFL/OFLID10414,Subcutaneous adipose tissue of subdivision of cardinal body part,http://purl.obolibrary.org/obo/FMA_74315
https://purl.bioontology.org/ontology/OFL/OFLID10385,Subcutaneous adipose tissue of female breast proper,https://purl.bioontology.org/ontology/OFL/OFLID10414,Subcutaneous adipose tissue of subdivision of cardinal body part,http://purl.obolibrary.org/obo/FMA_74315
https://purl.bioontology.org/ontology/OFL/OFLID10386,Subcutaneous adipose tissue of breast proper,https://purl.bioontology.org/ontology/OFL/OFLID10414,Subcutaneous adipose tissue of subdivision of cardinal body part,http://purl.obolibrary.org/obo/FMA_74315
https://purl.bioontology.org/ontology/OFL/OFLID10387,Subcutaneous adipose tissue of male breast proper,https://purl.bioontology.org/ontology/OFL/OFLID10414,Subcutaneous adipose tissue of subdivision of cardinal body part,http://purl.obolibrary.org/obo/FMA_74315
https://purl.bioontology.org/ontology/OFL/OFLID10388,Subcutaneous adipose tissue of upper inner quadrant of left female breast,https://purl.bioontology.org/ontology/OFL/OFLID10414,Subcutaneous adipose tissue of subdivision of cardinal body part,http://purl.obolibrary.org/obo/FMA_74315
https://purl.bioontology.org/ontology/OFL/OFLID10389,Subcutaneous adipose tissue of upper inner quadrant of breast,https://purl.bioontology.org/ontology/OFL/OFLID10414,Subcutaneous adipose tissue of subdivision of cardinal body part,http://purl.obolibrary.org/obo/FMA_74315
https://purl.bioontology.org/ontology/OFL/OFLID10390,Subcutaneous adipose tissue of upper inner quadrant of right female breast,https://purl.bioontology.org/ontology/OFL/OFLID10414,Subcutaneous adipose tissue of subdivision of cardinal body part,http://purl.obolibrary.org/obo/FMA_74315
https://purl.bioontology.org/ontology/OFL/OFLID10391,Subcutaneous adipose tissue of metacarpal part of hand,https://purl.bioontology.org/ontology/OFL/OFLID10414,Subcutaneous adipose tissue of subdivision of cardinal body part,http://purl.obolibrary.org/obo/FMA_74315
https://purl.bioontology.org/ontology/OFL/OFLID10392,Subcutaneous adipose tissue of posterior part of left arm,https://purl.bioontology.org/ontology/OFL/OFLID10414,Subcutaneous adipose tissue of subdivision of cardinal body part,http://purl.obolibrary.org/obo/FMA_74315
https://purl.bioontology.org/ontology/OFL/OFLID10393,Subcutaneous adipose tissue of posterior part of arm,https://purl.bioontology.org/ontology/OFL/OFLID10414,Subcutaneous adipose tissue of subdivision of cardinal body part,http://purl.obolibrary.org/obo/FMA_74315
https://purl.bioontology.org/ontology/OFL/OFLID10394,Subcutaneous adipose tissue of posterior part of right arm,https://purl.bioontology.org/ontology/OFL/OFLID10414,Subcutaneous adipose tissue of subdivision of cardinal body part,http://purl.obolibrary.org/obo/FMA_74315
https://purl.bioontology.org/ontology/OFL/OFLID10395,Subcutaneous adipose tissue of palmar part of left index finger,https://purl.bioontology.org/ontology/OFL/OFLID10414,Subcutaneous adipose tissue of subdivision of cardinal body part,http://purl.obolibrary.org/obo/FMA_74315
https://purl.bioontology.org/ontology/OFL/OFLID10396,Subcutaneous adipose tissue of palmar part of index finger,https://purl.bioontology.org/ontology/OFL/OFLID10414,Subcutaneous adipose tissue of subdivision of cardinal body part,http://purl.obolibrary.org/obo/FMA_74315
https://purl.bioontology.org/ontology/OFL/OFLID10397,Subcutaneous adipose tissue of palmar part of right index finger,https://purl.bioontology.org/ontology/OFL/OFLID10414,Subcutaneous adipose tissue of subdivision of cardinal body part,http://purl.obolibrary.org/obo/FMA_74315
https://purl.bioontology.org/ontology/OFL/OFLID10398,Subcutaneous adipose tissue of middle part of right external acoustic tube,https://purl.bioontology.org/ontology/OFL/OFLID10414,Subcutaneous adipose tissue of subdivision of cardinal body part,http://purl.obolibrary.org/obo/FMA_74315
https://purl.bioontology.org/ontology/OFL/OFLID10399,Subcutaneous adipose tissue of middle part of external acoustic tube,https://purl.bioontology.org/ontology/OFL/OFLID10414,Subcutaneous adipose tissue of subdivision of cardinal body part,http://purl.obolibrary.org/obo/FMA_74315
https://purl.bioontology.org/ontology/OFL/OFLID10400,Subcutaneous adipose tissue of middle part of left external acoustic tube,https://purl.bioontology.org/ontology/OFL/OFLID10414,Subcutaneous adipose tissue of subdivision of cardinal body part,http://purl.obolibrary.org/obo/FMA_74315
https://purl.bioontology.org/ontology/OFL/OFLID10402,Subcutaneous adipose tissue of subdivision of shoulder,https://purl.bioontology.org/ontology/OFL/OFLID10414,Subcutaneous adipose tissue of subdivision of cardinal body part,http://purl.obolibrary.org/obo/FMA_74315
https://purl.bioontology.org/ontology/OFL/OFLID10403,Subcutaneous adipose tissue of subdivision of pectoral girdle,https://purl.bioontology.org/ontology/OFL/OFLID10414,Subcutaneous adipose tissue of subdivision of cardinal body part,http://purl.obolibrary.org/obo/FMA_74315
https://purl.bioontology.org/ontology/OFL/OFLID10404,Subcutaneous adipose tissue of left hemiscrotum,https://purl.bioontology.org/ontology/OFL/OFLID10414,Subcutaneous adipose tissue of subdivision of cardinal body part,http://purl.obolibrary.org/obo/FMA_74315
https://purl.bioontology.org/ontology/OFL/OFLID10405,Subcutaneous adipose tissue of subdivision of scrotum,https://purl.bioontology.org/ontology/OFL/OFLID10414,Subcutaneous adipose tissue of subdivision of cardinal body part,http://purl.obolibrary.org/obo/FMA_74315
https://purl.bioontology.org/ontology/OFL/OFLID10406,Subcutaneous adipose tissue of right hemiscrotum,https://purl.bioontology.org/ontology/OFL/OFLID10414,Subcutaneous adipose tissue of subdivision of cardinal body part,http://purl.obolibrary.org/obo/FMA_74315
https://purl.bioontology.org/ontology/OFL/OFLID10407,Subcutaneous adipose tissue of medial part of index finger,https://purl.bioontology.org/ontology/OFL/OFLID10414,Subcutaneous adipose tissue of subdivision of cardinal body part,http://purl.obolibrary.org/obo/FMA_74315
https://purl.bioontology.org/ontology/OFL/OFLID10408,Subcutaneous adipose tissue of medial part of finger,https://purl.bioontology.org/ontology/OFL/OFLID10414,Subcutaneous adipose tissue of subdivision of cardinal body part,http://purl.obolibrary.org/obo/FMA_74315
https://purl.bioontology.org/ontology/OFL/OFLID10409,Subcutaneous adipose tissue of tubercle of upper lip,https://purl.bioontology.org/ontology/OFL/OFLID10414,Subcutaneous adipose tissue of subdivision of cardinal body part,http://purl.obolibrary.org/obo/FMA_74315
https://purl.bioontology.org/ontology/OFL/OFLID10410,Subcutaneous adipose tissue of subdivision of mouth,https://purl.bioontology.org/ontology/OFL/OFLID10414,Subcutaneous adipose tissue of subdivision of cardinal body part,http://purl.obolibrary.org/obo/FMA_74315
https://purl.bioontology.org/ontology/OFL/OFLID10411,Subcutaneous adipose tissue of periumbilical part of abdomen,https://purl.bioontology.org/ontology/OFL/OFLID10414,Subcutaneous adipose tissue of subdivision of cardinal body part,http://purl.obolibrary.org/obo/FMA_74315
https://purl.bioontology.org/ontology/OFL/OFLID10412,Subcutaneous adipose tissue of maxillary part of mouth,https://purl.bioontology.org/ontology/OFL/OFLID10414,Subcutaneous adipose tissue of subdivision of cardinal body part,http://purl.obolibrary.org/obo/FMA_74315
https://purl.bioontology.org/ontology/OFL/OFLID10413,Subcutaneous adipose tissue of subdivision of body proper,https://purl.bioontology.org/ontology/OFL/OFLID10414,Subcutaneous adipose tissue of subdivision of cardinal body part,http://purl.obolibrary.org/obo/FMA_74315
https://purl.bioontology.org/ontology/OFL/OFLID10414,Subcutaneous adipose tissue of subdivision of cardinal body part,https://purl.bioontology.org/ontology/OFL/OFLID10414,Subcutaneous adipose tissue of subdivision of cardinal body part,http://purl.obolibrary.org/obo/FMA_74315
https://purl.bioontology.org/ontology/OFL/OFLID10415,Subcutaneous adipose tissue of malleolar part of ankle,https://purl.bioontology.org/ontology/OFL/OFLID10414,Subcutaneous adipose tissue of subdivision of cardinal body part,http://purl.obolibrary.org/obo/FMA_74315
https://purl.bioontology.org/ontology/OFL/OFLID10416,Subcutaneous adipose tissue of buccal part of mouth,https://purl.bioontology.org/ontology/OFL/OFLID10414,Subcutaneous adipose tissue of subdivision of cardinal body part,http://purl.obolibrary.org/obo/FMA_74315
https://purl.bioontology.org/ontology/OFL/OFLID10417,Subcutaneous adipose tissue of subdivision of cheek,https://purl.bioontology.org/ontology/OFL/OFLID10414,Subcutaneous adipose tissue of subdivision of cardinal body part,http://purl.obolibrary.org/obo/FMA_74315
https://purl.bioontology.org/ontology/OFL/OFLID10418,Subcutaneous adipose tissue of dorsal part of ring finger,https://purl.bioontology.org/ontology/OFL/OFLID10414,Subcutaneous adipose tissue of subdivision of cardinal body part,http://purl.obolibrary.org/obo/FMA_74315
https://purl.bioontology.org/ontology/OFL/OFLID10419,Subcutaneous adipose tissue of dorsal part of finger,https://purl.bioontology.org/ontology/OFL/OFLID10414,Subcutaneous adipose tissue of subdivision of cardinal body part,http://purl.obolibrary.org/obo/FMA_74315
https://purl.bioontology.org/ontology/OFL/OFLID10420,Subcutaneous adipose tissue of abdomen,https://purl.bioontology.org/ontology/OFL/OFLID10414,Subcutaneous adipose tissue of subdivision of cardinal body part,http://purl.obolibrary.org/obo/FMA_74315
https://purl.bioontology.org/ontology/OFL/OFLID10421,Subcutaneous adipose tissue of patellar part of right knee,https://purl.bioontology.org/ontology/OFL/OFLID10414,Subcutaneous adipose tissue of subdivision of cardinal body part,http://purl.obolibrary.org/obo/FMA_74315
https://purl.bioontology.org/ontology/OFL/OFLID10422,Subcutaneous adipose tissue of patellar part of knee,https://purl.bioontology.org/ontology/OFL/OFLID10414,Subcutaneous adipose tissue of subdivision of cardinal body part,http://purl.obolibrary.org/obo/FMA_74315
https://purl.bioontology.org/ontology/OFL/OFLID10423,Subcutaneous adipose tissue of patellar part of left knee,https://purl.bioontology.org/ontology/OFL/OFLID10414,Subcutaneous adipose tissue of subdivision of cardinal body part,http://purl.obolibrary.org/obo/FMA_74315
https://purl.bioontology.org/ontology/OFL/OFLID10424,Subcutaneous adipose tissue of right free upper limb,https://purl.bioontology.org/ontology/OFL/OFLID10414,Subcutaneous adipose tissue of subdivision of cardinal body part,http://purl.obolibrary.org/obo/FMA_74315
https://purl.bioontology.org/ontology/OFL/OFLID10425,Subcutaneous adipose tissue of left free upper limb,https://purl.bioontology.org/ontology/OFL/OFLID10414,Subcutaneous adipose tissue of subdivision of cardinal body part,http://purl.obolibrary.org/obo/FMA_74315
https://purl.bioontology.org/ontology/OFL/OFLID10426,Subcutaneous adipose tissue of right male areola,https://purl.bioontology.org/ontology/OFL/OFLID10414,Subcutaneous adipose tissue of subdivision of cardinal body part,http://purl.obolibrary.org/obo/FMA_74315
https://purl.bioontology.org/ontology/OFL/OFLID10427,Subcutaneous adipose tissue of male areola,https://purl.bioontology.org/ontology/OFL/OFLID10414,Subcutaneous adipose tissue of subdivision of cardinal body part,http://purl.obolibrary.org/obo/FMA_74315
https://purl.bioontology.org/ontology/OFL/OFLID10428,Subcutaneous adipose tissue of left male areola,https://purl.bioontology.org/ontology/OFL/OFLID10414,Subcutaneous adipose tissue of subdivision of cardinal body part,http://purl.obolibrary.org/obo/FMA_74315
https://purl.bioontology.org/ontology/OFL/OFLID10429,Subcutaneous adipose tissue of left free lower limb,https://purl.bioontology.org/ontology/OFL/OFLID10414,Subcutaneous adipose tissue of subdivision of cardinal body part,http://purl.obolibrary.org/obo/FMA_74315
https://purl.bioontology.org/ontology/OFL/OFLID10430,Subcutaneous adipose tissue of right free lower limb,https://purl.bioontology.org/ontology/OFL/OFLID10414,Subcutaneous adipose tissue of subdivision of cardinal body part,http://purl.obolibrary.org/obo/FMA_74315
https://purl.bioontology.org/ontology/OFL/OFLID10431,Subcutaneous adipose tissue of subdivision of external ear,https://purl.bioontology.org/ontology/OFL/OFLID10414,Subcutaneous adipose tissue of subdivision of cardinal body part,http://purl.obolibrary.org/obo/FMA_74315
https://purl.bioontology.org/ontology/OFL/OFLID10432,Subcutaneous adipose tissue of medial region of right breast,https://purl.bioontology.org/ontology/OFL/OFLID10414,Subcutaneous adipose tissue of subdivision of cardinal body part,http://purl.obolibrary.org/obo/FMA_74315
https://purl.bioontology.org/ontology/OFL/OFLID10433,Subcutaneous adipose tissue of medial region of breast,https://purl.bioontology.org/ontology/OFL/OFLID10414,Subcutaneous adipose tissue of subdivision of cardinal body part,http://purl.obolibrary.org/obo/FMA_74315
https://purl.bioontology.org/ontology/OFL/OFLID10434,Subcutaneous adipose tissue of medial region of left breast,https://purl.bioontology.org/ontology/OFL/OFLID10414,Subcutaneous adipose tissue of subdivision of cardinal body part,http://purl.obolibrary.org/obo/FMA_74315
https://purl.bioontology.org/ontology/OFL/OFLID10435,Subcutaneous adipose tissue of left pectoral part of female chest,https://purl.bioontology.org/ontology/OFL/OFLID10414,Subcutaneous adipose tissue of subdivision of cardinal body part,http://purl.obolibrary.org/obo/FMA_74315
https://purl.bioontology.org/ontology/OFL/OFLID10436,Subcutaneous adipose tissue of pectoral part of female chest,https://purl.bioontology.org/ontology/OFL/OFLID10414,Subcutaneous adipose tissue of subdivision of cardinal body part,http://purl.obolibrary.org/obo/FMA_74315
https://purl.bioontology.org/ontology/OFL/OFLID10437,Subcutaneous adipose tissue of right pectoral part of female chest,https://purl.bioontology.org/ontology/OFL/OFLID10414,Subcutaneous adipose tissue of subdivision of cardinal body part,http://purl.obolibrary.org/obo/FMA_74315
https://purl.bioontology.org/ontology/OFL/OFLID10438,Subcutaneous adipose tissue of right side of lower lip,https://purl.bioontology.org/ontology/OFL/OFLID10414,Subcutaneous adipose tissue of subdivision of cardinal body part,http://purl.obolibrary.org/obo/FMA_74315
https://purl.bioontology.org/ontology/OFL/OFLID10439,Subcutaneous adipose tissue of medial part of thumb,https://purl.bioontology.org/ontology/OFL/OFLID10414,Subcutaneous adipose tissue of subdivision of cardinal body part,http://purl.obolibrary.org/obo/FMA_74315
https://purl.bioontology.org/ontology/OFL/OFLID10440,Subcutaneous adipose tissue of left temple,https://purl.bioontology.org/ontology/OFL/OFLID10414,Subcutaneous adipose tissue of subdivision of cardinal body part,http://purl.obolibrary.org/obo/FMA_74315
https://purl.bioontology.org/ontology/OFL/OFLID10441,Subcutaneous adipose tissue of right temple,https://purl.bioontology.org/ontology/OFL/OFLID10414,Subcutaneous adipose tissue of subdivision of cardinal body part,http://purl.obolibrary.org/obo/FMA_74315
https://purl.bioontology.org/ontology/OFL/OFLID10442,Subcutaneous adipose tissue of anterior part of right wrist,https://purl.bioontology.org/ontology/OFL/OFLID10414,Subcutaneous adipose tissue of subdivision of cardinal body part,http://purl.obolibrary.org/obo/FMA_74315
https://purl.bioontology.org/ontology/OFL/OFLID10443,Subcutaneous adipose tissue of anterior part of wrist,https://purl.bioontology.org/ontology/OFL/OFLID10414,Subcutaneous adipose tissue of subdivision of cardinal body part,http://purl.obolibrary.org/obo/FMA_74315
https://purl.bioontology.org/ontology/OFL/OFLID10444,Subcutaneous adipose tissue of anterior part of left wrist,https://purl.bioontology.org/ontology/OFL/OFLID10414,Subcutaneous adipose tissue of subdivision of cardinal body part,http://purl.obolibrary.org/obo/FMA_74315
https://purl.bioontology.org/ontology/OFL/OFLID10445,Subcutaneous adipose tissue of lateral part of left leg,https://purl.bioontology.org/ontology/OFL/OFLID10414,Subcutaneous adipose tissue of subdivision of cardinal body part,http://purl.obolibrary.org/obo/FMA_74315
https://purl.bioontology.org/ontology/OFL/OFLID10446,Subcutaneous adipose tissue of lateral part of leg,https://purl.bioontology.org/ontology/OFL/OFLID10414,Subcutaneous adipose tissue of subdivision of cardinal body part,http://purl.obolibrary.org/obo/FMA_74315
https://purl.bioontology.org/ontology/OFL/OFLID10447,Subcutaneous adipose tissue of lateral part of right leg,https://purl.bioontology.org/ontology/OFL/OFLID10414,Subcutaneous adipose tissue of subdivision of cardinal body part,http://purl.obolibrary.org/obo/FMA_74315
https://purl.bioontology.org/ontology/OFL/OFLID10448,Subcutaneous adipose tissue of antihelix,https://purl.bioontology.org/ontology/OFL/OFLID10414,Subcutaneous adipose tissue of subdivision of cardinal body part,http://purl.obolibrary.org/obo/FMA_74315
https://purl.bioontology.org/ontology/OFL/OFLID10449,Subcutaneous adipose tissue of subdivision of pinna,https://purl.bioontology.org/ontology/OFL/OFLID10414,Subcutaneous adipose tissue of subdivision of cardinal body part,http://purl.obolibrary.org/obo/FMA_74315
https://purl.bioontology.org/ontology/OFL/OFLID10450,Subcutaneous adipose tissue of right scapular part of back,https://purl.bioontology.org/ontology/OFL/OFLID10414,Subcutaneous adipose tissue of subdivision of cardinal body part,http://purl.obolibrary.org/obo/FMA_74315
https://purl.bioontology.org/ontology/OFL/OFLID10451,Subcutaneous adipose tissue of scapular part of back,https://purl.bioontology.org/ontology/OFL/OFLID10414,Subcutaneous adipose tissue of subdivision of cardinal body part,http://purl.obolibrary.org/obo/FMA_74315
https://purl.bioontology.org/ontology/OFL/OFLID10452,Subcutaneous adipose tissue of left scapular part of back,https://purl.bioontology.org/ontology/OFL/OFLID10414,Subcutaneous adipose tissue of subdivision of cardinal body part,http://purl.obolibrary.org/obo/FMA_74315
https://purl.bioontology.org/ontology/OFL/OFLID10453,Subcutaneous adipose tissue of central region of right breast,https://purl.bioontology.org/ontology/OFL/OFLID10414,Subcutaneous adipose tissue of subdivision of cardinal body part,http://purl.obolibrary.org/obo/FMA_74315
https://purl.bioontology.org/ontology/OFL/OFLID10454,Subcutaneous adipose tissue of central region of breast,https://purl.bioontology.org/ontology/OFL/OFLID10414,Subcutaneous adipose tissue of subdivision of cardinal body part,http://purl.obolibrary.org/obo/FMA_74315
https://purl.bioontology.org/ontology/OFL/OFLID10455,Subcutaneous adipose tissue of central region of left breast,https://purl.bioontology.org/ontology/OFL/OFLID10414,Subcutaneous adipose tissue of subdivision of cardinal body part,http://purl.obolibrary.org/obo/FMA_74315
https://purl.bioontology.org/ontology/OFL/OFLID10456,Subcutaneous adipose tissue of left female areola,https://purl.bioontology.org/ontology/OFL/OFLID10414,Subcutaneous adipose tissue of subdivision of cardinal body part,http://purl.obolibrary.org/obo/FMA_74315
https://purl.bioontology.org/ontology/OFL/OFLID10457,Subcutaneous adipose tissue of female areola,https://purl.bioontology.org/ontology/OFL/OFLID10414,Subcutaneous adipose tissue of subdivision of cardinal body part,http://purl.obolibrary.org/obo/FMA_74315
https://purl.bioontology.org/ontology/OFL/OFLID10458,Subcutaneous adipose tissue of right female areola,https://purl.bioontology.org/ontology/OFL/OFLID10414,Subcutaneous adipose tissue of subdivision of cardinal body part,http://purl.obolibrary.org/obo/FMA_74315
https://purl.bioontology.org/ontology/OFL/OFLID10459,Subcutaneous adipose tissue of palmar part of left ring finger,https://purl.bioontology.org/ontology/OFL/OFLID10414,Subcutaneous adipose tissue of subdivision of cardinal body part,http://purl.obolibrary.org/obo/FMA_74315
https://purl.bioontology.org/ontology/OFL/OFLID10460,Subcutaneous adipose tissue of palmar part of ring finger,https://purl.bioontology.org/ontology/OFL/OFLID10414,Subcutaneous adipose tissue of subdivision of cardinal body part,http://purl.obolibrary.org/obo/FMA_74315
https://purl.bioontology.org/ontology/OFL/OFLID10461,Subcutaneous adipose tissue of palmar part of right ring finger,https://purl.bioontology.org/ontology/OFL/OFLID10414,Subcutaneous adipose tissue of subdivision of cardinal body part,http://purl.obolibrary.org/obo/FMA_74315
https://purl.bioontology.org/ontology/OFL/OFLID10462,Subcutaneous adipose tissue of lateral pectoral part of right pectoral girdle,https://purl.bioontology.org/ontology/OFL/OFLID10414,Subcutaneous adipose tissue of subdivision of cardinal body part,http://purl.obolibrary.org/obo/FMA_74315
https://purl.bioontology.org/ontology/OFL/OFLID10463,Subcutaneous adipose tissue of lateral pectoral part of pectoral girdle,https://purl.bioontology.org/ontology/OFL/OFLID10414,Subcutaneous adipose tissue of subdivision of cardinal body part,http://purl.obolibrary.org/obo/FMA_74315
https://purl.bioontology.org/ontology/OFL/OFLID10464,Subcutaneous adipose tissue of lateral pectoral part of left pectoral girdle,https://purl.bioontology.org/ontology/OFL/OFLID10414,Subcutaneous adipose tissue of subdivision of cardinal body part,http://purl.obolibrary.org/obo/FMA_74315
https://purl.bioontology.org/ontology/OFL/OFLID10465,Subcutaneous adipose tissue of wall of right external acoustic tube,https://purl.bioontology.org/ontology/OFL/OFLID10414,Subcutaneous adipose tissue of subdivision of cardinal body part,http://purl.obolibrary.org/obo/FMA_74315
https://purl.bioontology.org/ontology/OFL/OFLID10466,Subcutaneous adipose tissue of wall of external acoustic tube,https://purl.bioontology.org/ontology/OFL/OFLID10414,Subcutaneous adipose tissue of subdivision of cardinal body part,http://purl.obolibrary.org/obo/FMA_74315
https://purl.bioontology.org/ontology/OFL/OFLID10467,Subcutaneous adipose tissue of wall of left external acoustic tube,https://purl.bioontology.org/ontology/OFL/OFLID10414,Subcutaneous adipose tissue of subdivision of cardinal body part,http://purl.obolibrary.org/obo/FMA_74315
https://purl.bioontology.org/ontology/OFL/OFLID10468,Subcutaneous adipose tissue of cardinal free limb segment,https://purl.bioontology.org/ontology/OFL/OFLID10414,Subcutaneous adipose tissue of subdivision of cardinal body part,http://purl.obolibrary.org/obo/FMA_74315
https://purl.bioontology.org/ontology/OFL/OFLID10469,Subcutaneous adipose tissue of urogenital part of female perineum,https://purl.bioontology.org/ontology/OFL/OFLID10414,Subcutaneous adipose tissue of subdivision of cardinal body part,http://purl.obolibrary.org/obo/FMA_74315
https://purl.bioontology.org/ontology/OFL/OFLID10470,Subcutaneous adipose tissue of urogenital part of perineum,https://purl.bioontology.org/ontology/OFL/OFLID10414,Subcutaneous adipose tissue of subdivision of cardinal body part,http://purl.obolibrary.org/obo/FMA_74315
https://purl.bioontology.org/ontology/OFL/OFLID10471,Subcutaneous adipose tissue of urogenital part of male perineum,https://purl.bioontology.org/ontology/OFL/OFLID10414,Subcutaneous adipose tissue of subdivision of cardinal body part,http://purl.obolibrary.org/obo/FMA_74315
https://purl.bioontology.org/ontology/OFL/OFLID10472,Subcutaneous adipose tissue of left side of chest,https://purl.bioontology.org/ontology/OFL/OFLID10414,Subcutaneous adipose tissue of subdivision of cardinal body part,http://purl.obolibrary.org/obo/FMA_74315
https://purl.bioontology.org/ontology/OFL/OFLID10473,Subcutaneous adipose tissue of metatarsus,https://purl.bioontology.org/ontology/OFL/OFLID10414,Subcutaneous adipose tissue of subdivision of cardinal body part,http://purl.obolibrary.org/obo/FMA_74315
https://purl.bioontology.org/ontology/OFL/OFLID10474,Subcutaneous adipose tissue of frenulum of penis,https://purl.bioontology.org/ontology/OFL/OFLID10414,Subcutaneous adipose tissue of subdivision of cardinal body part,http://purl.obolibrary.org/obo/FMA_74315
https://purl.bioontology.org/ontology/OFL/OFLID10475,Subcutaneous adipose tissue of medial part of middle finger,https://purl.bioontology.org/ontology/OFL/OFLID10414,Subcutaneous adipose tissue of subdivision of cardinal body part,http://purl.obolibrary.org/obo/FMA_74315
https://purl.bioontology.org/ontology/OFL/OFLID10476,Subcutaneous adipose tissue of back of right hand,https://purl.bioontology.org/ontology/OFL/OFLID10414,Subcutaneous adipose tissue of subdivision of cardinal body part,http://purl.obolibrary.org/obo/FMA_74315
https://purl.bioontology.org/ontology/OFL/OFLID10477,Subcutaneous adipose tissue of back of hand,https://purl.bioontology.org/ontology/OFL/OFLID10414,Subcutaneous adipose tissue of subdivision of cardinal body part,http://purl.obolibrary.org/obo/FMA_74315
https://purl.bioontology.org/ontology/OFL/OFLID10478,Subcutaneous adipose tissue of back of left hand,https://purl.bioontology.org/ontology/OFL/OFLID10414,Subcutaneous adipose tissue of subdivision of cardinal body part,http://purl.obolibrary.org/obo/FMA_74315
https://purl.bioontology.org/ontology/OFL/OFLID10479,Subcutaneous adipose tissue of base of right axilla,https://purl.bioontology.org/ontology/OFL/OFLID10414,Subcutaneous adipose tissue of subdivision of cardinal body part,http://purl.obolibrary.org/obo/FMA_74315
https://purl.bioontology.org/ontology/OFL/OFLID10480,Subcutaneous adipose tissue of base of axilla,https://purl.bioontology.org/ontology/OFL/OFLID10414,Subcutaneous adipose tissue of subdivision of cardinal body part,http://purl.obolibrary.org/obo/FMA_74315
https://purl.bioontology.org/ontology/OFL/OFLID10481,Subcutaneous adipose tissue of base of left axilla,https://purl.bioontology.org/ontology/OFL/OFLID10414,Subcutaneous adipose tissue of subdivision of cardinal body part,http://purl.obolibrary.org/obo/FMA_74315
https://purl.bioontology.org/ontology/OFL/OFLID10482,Subcutaneous adipose tissue of parietal part of head,https://purl.bioontology.org/ontology/OFL/OFLID10414,Subcutaneous adipose tissue of subdivision of cardinal body part,http://purl.obolibrary.org/obo/FMA_74315
https://purl.bioontology.org/ontology/OFL/OFLID10483,Subcutaneous adipose tissue of subdivision of head proper,https://purl.bioontology.org/ontology/OFL/OFLID10414,Subcutaneous adipose tissue of subdivision of cardinal body part,http://purl.obolibrary.org/obo/FMA_74315
https://purl.bioontology.org/ontology/OFL/OFLID10484,Subcutaneous adipose tissue of subareolar region of left breast,https://purl.bioontology.org/ontology/OFL/OFLID10414,Subcutaneous adipose tissue of subdivision of cardinal body part,http://purl.obolibrary.org/obo/FMA_74315
https://purl.bioontology.org/ontology/OFL/OFLID10485,Subcutaneous adipose tissue of subareolar region of breast,https://purl.bioontology.org/ontology/OFL/OFLID10414,Subcutaneous adipose tissue of subdivision of cardinal body part,http://purl.obolibrary.org/obo/FMA_74315
https://purl.bioontology.org/ontology/OFL/OFLID10486,Subcutaneous adipose tissue of subareolar region of right breast,https://purl.bioontology.org/ontology/OFL/OFLID10414,Subcutaneous adipose tissue of subdivision of cardinal body part,http://purl.obolibrary.org/obo/FMA_74315
https://purl.bioontology.org/ontology/OFL/OFLID10487,Subcutaneous adipose tissue of region of pectoral part of chest,https://purl.bioontology.org/ontology/OFL/OFLID10414,Subcutaneous adipose tissue of subdivision of cardinal body part,http://purl.obolibrary.org/obo/FMA_74315
https://purl.bioontology.org/ontology/OFL/OFLID10488,Subcutaneous adipose tissue of trunk proper,https://purl.bioontology.org/ontology/OFL/OFLID10414,Subcutaneous adipose tissue of subdivision of cardinal body part,http://purl.obolibrary.org/obo/FMA_74315
https://purl.bioontology.org/ontology/OFL/OFLID10489,Subcutaneous adipose tissue of subdivision of trunk,https://purl.bioontology.org/ontology/OFL/OFLID10414,Subcutaneous adipose tissue of subdivision of cardinal body part,http://purl.obolibrary.org/obo/FMA_74315
https://purl.bioontology.org/ontology/OFL/OFLID10490,Subcutaneous adipose tissue of head proper,https://purl.bioontology.org/ontology/OFL/OFLID10414,Subcutaneous adipose tissue of subdivision of cardinal body part,http://purl.obolibrary.org/obo/FMA_74315
https://purl.bioontology.org/ontology/OFL/OFLID10491,Subcutaneous adipose tissue of subdivision of head,https://purl.bioontology.org/ontology/OFL/OFLID10414,Subcutaneous adipose tissue of subdivision of cardinal body part,http://purl.obolibrary.org/obo/FMA_74315
https://purl.bioontology.org/ontology/OFL/OFLID10492,Subcutaneous adipose tissue of left male breast,https://purl.bioontology.org/ontology/OFL/OFLID10414,Subcutaneous adipose tissue of subdivision of cardinal body part,http://purl.obolibrary.org/obo/FMA_74315
https://purl.bioontology.org/ontology/OFL/OFLID10493,Subcutaneous adipose tissue of male breast,https://purl.bioontology.org/ontology/OFL/OFLID10414,Subcutaneous adipose tissue of subdivision of cardinal body part,http://purl.obolibrary.org/obo/FMA_74315
https://purl.bioontology.org/ontology/OFL/OFLID10494,Subcutaneous adipose tissue of right male breast,https://purl.bioontology.org/ontology/OFL/OFLID10414,Subcutaneous adipose tissue of subdivision of cardinal body part,http://purl.obolibrary.org/obo/FMA_74315
https://purl.bioontology.org/ontology/OFL/OFLID10495,Subcutaneous adipose tissue of left mastoid part of head,https://purl.bioontology.org/ontology/OFL/OFLID10414,Subcutaneous adipose tissue of subdivision of cardinal body part,http://purl.obolibrary.org/obo/FMA_74315
https://purl.bioontology.org/ontology/OFL/OFLID10496,Subcutaneous adipose tissue of mastoid part of head,https://purl.bioontology.org/ontology/OFL/OFLID10414,Subcutaneous adipose tissue of subdivision of cardinal body part,http://purl.obolibrary.org/obo/FMA_74315
https://purl.bioontology.org/ontology/OFL/OFLID10497,Subcutaneous adipose tissue of right mastoid part of head,https://purl.bioontology.org/ontology/OFL/OFLID10414,Subcutaneous adipose tissue of subdivision of cardinal body part,http://purl.obolibrary.org/obo/FMA_74315
https://purl.bioontology.org/ontology/OFL/OFLID10498,Subcutaneous adipose tissue of back of female trunk,https://purl.bioontology.org/ontology/OFL/OFLID10414,Subcutaneous adipose tissue of subdivision of cardinal body part,http://purl.obolibrary.org/obo/FMA_74315
https://purl.bioontology.org/ontology/OFL/OFLID10499,Subcutaneous adipose tissue of back of trunk,https://purl.bioontology.org/ontology/OFL/OFLID10414,Subcutaneous adipose tissue of subdivision of cardinal body part,http://purl.obolibrary.org/obo/FMA_74315
https://purl.bioontology.org/ontology/OFL/OFLID10500,Subcutaneous adipose tissue of back of male trunk,https://purl.bioontology.org/ontology/OFL/OFLID10414,Subcutaneous adipose tissue of subdivision of cardinal body part,http://purl.obolibrary.org/obo/FMA_74315
https://purl.bioontology.org/ontology/OFL/OFLID10501,Subcutaneous adipose tissue of conchal part of left pinna,https://purl.bioontology.org/ontology/OFL/OFLID10414,Subcutaneous adipose tissue of subdivision of cardinal body part,http://purl.obolibrary.org/obo/FMA_74315
https://purl.bioontology.org/ontology/OFL/OFLID10502,Subcutaneous adipose tissue of conchal part of pinna,https://purl.bioontology.org/ontology/OFL/OFLID10414,Subcutaneous adipose tissue of subdivision of cardinal body part,http://purl.obolibrary.org/obo/FMA_74315
https://purl.bioontology.org/ontology/OFL/OFLID10503,Subcutaneous adipose tissue of conchal part of right pinna,https://purl.bioontology.org/ontology/OFL/OFLID10414,Subcutaneous adipose tissue of subdivision of cardinal body part,http://purl.obolibrary.org/obo/FMA_74315
https://purl.bioontology.org/ontology/OFL/OFLID10521,Subcutaneous adipose tissue of right lateral retromalleolar region,https://purl.bioontology.org/ontology/OFL/OFLID10414,Subcutaneous adipose tissue of subdivision of cardinal body part,http://purl.obolibrary.org/obo/FMA_74315
https://purl.bioontology.org/ontology/OFL/OFLID10522,Subcutaneous adipose tissue of lateral retromalleolar region,https://purl.bioontology.org/ontology/OFL/OFLID10414,Subcutaneous adipose tissue of subdivision of cardinal body part,http://purl.obolibrary.org/obo/FMA_74315
https://purl.bioontology.org/ontology/OFL/OFLID10523,Subcutaneous adipose tissue of left lateral retromalleolar region,https://purl.bioontology.org/ontology/OFL/OFLID10414,Subcutaneous adipose tissue of subdivision of cardinal body part,http://purl.obolibrary.org/obo/FMA_74315
https://purl.bioontology.org/ontology/OFL/OFLID10524,Subcutaneous adipose tissue of right male nipple,https://purl.bioontology.org/ontology/OFL/OFLID10414,Subcutaneous adipose tissue of subdivision of cardinal body part,http://purl.obolibrary.org/obo/FMA_74315
https://purl.bioontology.org/ontology/OFL/OFLID10525,Subcutaneous adipose tissue of male nipple,https://purl.bioontology.org/ontology/OFL/OFLID10414,Subcutaneous adipose tissue of subdivision of cardinal body part,http://purl.obolibrary.org/obo/FMA_74315
https://purl.bioontology.org/ontology/OFL/OFLID10526,Subcutaneous adipose tissue of left male nipple,https://purl.bioontology.org/ontology/OFL/OFLID10414,Subcutaneous adipose tissue of subdivision of cardinal body part,http://purl.obolibrary.org/obo/FMA_74315
https://purl.bioontology.org/ontology/OFL/OFLID10527,Subcutaneous adipose tissue of lateral part of neck,https://purl.bioontology.org/ontology/OFL/OFLID10414,Subcutaneous adipose tissue of subdivision of cardinal body part,http://purl.obolibrary.org/obo/FMA_74315
https://purl.bioontology.org/ontology/OFL/OFLID10528,Subcutaneous adipose tissue of prepuce of clitoris,https://purl.bioontology.org/ontology/OFL/OFLID10414,Subcutaneous adipose tissue of subdivision of cardinal body part,http://purl.obolibrary.org/obo/FMA_74315
https://purl.bioontology.org/ontology/OFL/OFLID10529,Subcutaneous adipose tissue of lateral part of right forearm,https://purl.bioontology.org/ontology/OFL/OFLID10414,Subcutaneous adipose tissue of subdivision of cardinal body part,http://purl.obolibrary.org/obo/FMA_74315
https://purl.bioontology.org/ontology/OFL/OFLID10530,Subcutaneous adipose tissue of lateral part of forearm,https://purl.bioontology.org/ontology/OFL/OFLID10414,Subcutaneous adipose tissue of subdivision of cardinal body part,http://purl.obolibrary.org/obo/FMA_74315
https://purl.bioontology.org/ontology/OFL/OFLID10531,Subcutaneous adipose tissue of lateral part of left forearm,https://purl.bioontology.org/ontology/OFL/OFLID10414,Subcutaneous adipose tissue of subdivision of cardinal body part,http://purl.obolibrary.org/obo/FMA_74315
https://purl.bioontology.org/ontology/OFL/OFLID10532,Subcutaneous adipose tissue of thumb,https://purl.bioontology.org/ontology/OFL/OFLID10414,Subcutaneous adipose tissue of subdivision of cardinal body part,http://purl.obolibrary.org/obo/FMA_74315
https://purl.bioontology.org/ontology/OFL/OFLID10533,Subcutaneous adipose tissue of finger,https://purl.bioontology.org/ontology/OFL/OFLID10414,Subcutaneous adipose tissue of subdivision of cardinal body part,http://purl.obolibrary.org/obo/FMA_74315
https://purl.bioontology.org/ontology/OFL/OFLID10534,Subcutaneous adipose tissue of prepuce of penis,https://purl.bioontology.org/ontology/OFL/OFLID10414,Subcutaneous adipose tissue of subdivision of cardinal body part,http://purl.obolibrary.org/obo/FMA_74315
https://purl.bioontology.org/ontology/OFL/OFLID10535,Subcutaneous adipose tissue of left elbow,https://purl.bioontology.org/ontology/OFL/OFLID10414,Subcutaneous adipose tissue of subdivision of cardinal body part,http://purl.obolibrary.org/obo/FMA_74315
https://purl.bioontology.org/ontology/OFL/OFLID10536,Subcutaneous adipose tissue of elbow,https://purl.bioontology.org/ontology/OFL/OFLID10414,Subcutaneous adipose tissue of subdivision of cardinal body part,http://purl.obolibrary.org/obo/FMA_74315
https://purl.bioontology.org/ontology/OFL/OFLID10537,Subcutaneous adipose tissue of right elbow,https://purl.bioontology.org/ontology/OFL/OFLID10414,Subcutaneous adipose tissue of subdivision of cardinal body part,http://purl.obolibrary.org/obo/FMA_74315
https://purl.bioontology.org/ontology/OFL/OFLID10538,Subcutaneous adipose tissue of right hand proper,https://purl.bioontology.org/ontology/OFL/OFLID10414,Subcutaneous adipose tissue of subdivision of cardinal body part,http://purl.obolibrary.org/obo/FMA_74315
https://purl.bioontology.org/ontology/OFL/OFLID10539,Subcutaneous adipose tissue of left hand proper,https://purl.bioontology.org/ontology/OFL/OFLID10414,Subcutaneous adipose tissue of subdivision of cardinal body part,http://purl.obolibrary.org/obo/FMA_74315
https://purl.bioontology.org/ontology/OFL/OFLID10540,Subcutaneous adipose tissue of pectoral part of chest,https://purl.bioontology.org/ontology/OFL/OFLID10414,Subcutaneous adipose tissue of subdivision of cardinal body part,http://purl.obolibrary.org/obo/FMA_74315
https://purl.bioontology.org/ontology/OFL/OFLID10541,Subcutaneous adipose tissue of external ear,https://purl.bioontology.org/ontology/OFL/OFLID10414,Subcutaneous adipose tissue of subdivision of cardinal body part,http://purl.obolibrary.org/obo/FMA_74315
https://purl.bioontology.org/ontology/OFL/OFLID10542,Subcutaneous adipose tissue of subdivision of auriculotemporal part of head,https://purl.bioontology.org/ontology/OFL/OFLID10414,Subcutaneous adipose tissue of subdivision of cardinal body part,http://purl.obolibrary.org/obo/FMA_74315
https://purl.bioontology.org/ontology/OFL/OFLID10543,Subcutaneous adipose tissue of lateral part of left little finger,https://purl.bioontology.org/ontology/OFL/OFLID10414,Subcutaneous adipose tissue of subdivision of cardinal body part,http://purl.obolibrary.org/obo/FMA_74315
https://purl.bioontology.org/ontology/OFL/OFLID10544,Subcutaneous adipose tissue of lateral part of little finger,https://purl.bioontology.org/ontology/OFL/OFLID10414,Subcutaneous adipose tissue of subdivision of cardinal body part,http://purl.obolibrary.org/obo/FMA_74315
https://purl.bioontology.org/ontology/OFL/OFLID10545,Subcutaneous adipose tissue of lateral part of right little finger,https://purl.bioontology.org/ontology/OFL/OFLID10414,Subcutaneous adipose tissue of subdivision of cardinal body part,http://purl.obolibrary.org/obo/FMA_74315
https://purl.bioontology.org/ontology/OFL/OFLID10546,Subcutaneous adipose tissue of posterior part of right leg,https://purl.bioontology.org/ontology/OFL/OFLID10414,Subcutaneous adipose tissue of subdivision of cardinal body part,http://purl.obolibrary.org/obo/FMA_74315
https://purl.bioontology.org/ontology/OFL/OFLID10547,Subcutaneous adipose tissue of posterior part of leg,https://purl.bioontology.org/ontology/OFL/OFLID10414,Subcutaneous adipose tissue of subdivision of cardinal body part,http://purl.obolibrary.org/obo/FMA_74315
https://purl.bioontology.org/ontology/OFL/OFLID10548,Subcutaneous adipose tissue of posterior part of left leg,https://purl.bioontology.org/ontology/OFL/OFLID10414,Subcutaneous adipose tissue of subdivision of cardinal body part,http://purl.obolibrary.org/obo/FMA_74315
https://purl.bioontology.org/ontology/OFL/OFLID10549,Subcutaneous adipose tissue of buttock,https://purl.bioontology.org/ontology/OFL/OFLID10414,Subcutaneous adipose tissue of subdivision of cardinal body part,http://purl.obolibrary.org/obo/FMA_74315
https://purl.bioontology.org/ontology/OFL/OFLID10550,Subcutaneous adipose tissue of subdivision of pelvic girdle,https://purl.bioontology.org/ontology/OFL/OFLID10414,Subcutaneous adipose tissue of subdivision of cardinal body part,http://purl.obolibrary.org/obo/FMA_74315
https://purl.bioontology.org/ontology/OFL/OFLID10551,Subcutaneous adipose tissue of hip,https://purl.bioontology.org/ontology/OFL/OFLID10414,Subcutaneous adipose tissue of subdivision of cardinal body part,http://purl.obolibrary.org/obo/FMA_74315
https://purl.bioontology.org/ontology/OFL/OFLID10552,Subcutaneous adipose tissue of posterior part of right ankle,https://purl.bioontology.org/ontology/OFL/OFLID10414,Subcutaneous adipose tissue of subdivision of cardinal body part,http://purl.obolibrary.org/obo/FMA_74315
https://purl.bioontology.org/ontology/OFL/OFLID10553,Subcutaneous adipose tissue of posterior part of ankle,https://purl.bioontology.org/ontology/OFL/OFLID10414,Subcutaneous adipose tissue of subdivision of cardinal body part,http://purl.obolibrary.org/obo/FMA_74315
https://purl.bioontology.org/ontology/OFL/OFLID10554,Subcutaneous adipose tissue of posterior part of left ankle,https://purl.bioontology.org/ontology/OFL/OFLID10414,Subcutaneous adipose tissue of subdivision of cardinal body part,http://purl.obolibrary.org/obo/FMA_74315
https://purl.bioontology.org/ontology/OFL/OFLID10555,Subcutaneous adipose tissue of subdivision of external acoustic tube,https://purl.bioontology.org/ontology/OFL/OFLID10414,Subcutaneous adipose tissue of subdivision of cardinal body part,http://purl.obolibrary.org/obo/FMA_74315
https://purl.bioontology.org/ontology/OFL/OFLID10556,Subcutaneous adipose tissue of anterior part of left elbow,https://purl.bioontology.org/ontology/OFL/OFLID10414,Subcutaneous adipose tissue of subdivision of cardinal body part,http://purl.obolibrary.org/obo/FMA_74315
https://purl.bioontology.org/ontology/OFL/OFLID10557,Subcutaneous adipose tissue of anterior part of elbow,https://purl.bioontology.org/ontology/OFL/OFLID10414,Subcutaneous adipose tissue of subdivision of cardinal body part,http://purl.obolibrary.org/obo/FMA_74315
https://purl.bioontology.org/ontology/OFL/OFLID10558,Subcutaneous adipose tissue of anterior part of right elbow,https://purl.bioontology.org/ontology/OFL/OFLID10414,Subcutaneous adipose tissue of subdivision of cardinal body part,http://purl.obolibrary.org/obo/FMA_74315
https://purl.bioontology.org/ontology/OFL/OFLID10559,Subcutaneous adipose tissue of anterior wall of right external acoustic tube,https://purl.bioontology.org/ontology/OFL/OFLID10414,Subcutaneous adipose tissue of subdivision of cardinal body part,http://purl.obolibrary.org/obo/FMA_74315
https://purl.bioontology.org/ontology/OFL/OFLID10560,Subcutaneous adipose tissue of anterior wall of external acoustic tube,https://purl.bioontology.org/ontology/OFL/OFLID10414,Subcutaneous adipose tissue of subdivision of cardinal body part,http://purl.obolibrary.org/obo/FMA_74315
https://purl.bioontology.org/ontology/OFL/OFLID10561,Subcutaneous adipose tissue of anterior wall of left external acoustic tube,https://purl.bioontology.org/ontology/OFL/OFLID10414,Subcutaneous adipose tissue of subdivision of cardinal body part,http://purl.obolibrary.org/obo/FMA_74315
https://purl.bioontology.org/ontology/OFL/OFLID10562,Subcutaneous adipose tissue of vermilion,https://purl.bioontology.org/ontology/OFL/OFLID10414,Subcutaneous adipose tissue of subdivision of cardinal body part,http://purl.obolibrary.org/obo/FMA_74315
https://purl.bioontology.org/ontology/OFL/OFLID10563,Subcutaneous adipose tissue of right areola,https://purl.bioontology.org/ontology/OFL/OFLID10414,Subcutaneous adipose tissue of subdivision of cardinal body part,http://purl.obolibrary.org/obo/FMA_74315
https://purl.bioontology.org/ontology/OFL/OFLID10564,Subcutaneous adipose tissue of areola,https://purl.bioontology.org/ontology/OFL/OFLID10414,Subcutaneous adipose tissue of subdivision of cardinal body part,http://purl.obolibrary.org/obo/FMA_74315
https://purl.bioontology.org/ontology/OFL/OFLID10565,Subcutaneous adipose tissue of right infraclavicular part of chest,https://purl.bioontology.org/ontology/OFL/OFLID10414,Subcutaneous adipose tissue of subdivision of cardinal body part,http://purl.obolibrary.org/obo/FMA_74315
https://purl.bioontology.org/ontology/OFL/OFLID10566,Subcutaneous adipose tissue of infraclavicular part of chest,https://purl.bioontology.org/ontology/OFL/OFLID10414,Subcutaneous adipose tissue of subdivision of cardinal body part,http://purl.obolibrary.org/obo/FMA_74315
https://purl.bioontology.org/ontology/OFL/OFLID10567,Subcutaneous adipose tissue of left infraclavicular part of chest,https://purl.bioontology.org/ontology/OFL/OFLID10414,Subcutaneous adipose tissue of subdivision of cardinal body part,http://purl.obolibrary.org/obo/FMA_74315
https://purl.bioontology.org/ontology/OFL/OFLID10568,Subcutaneous adipose tissue of nipple,https://purl.bioontology.org/ontology/OFL/OFLID10414,Subcutaneous adipose tissue of subdivision of cardinal body part,http://purl.obolibrary.org/obo/FMA_74315
https://purl.bioontology.org/ontology/OFL/OFLID10569,Subcutaneous adipose tissue of region of breast,https://purl.bioontology.org/ontology/OFL/OFLID10414,Subcutaneous adipose tissue of subdivision of cardinal body part,http://purl.obolibrary.org/obo/FMA_74315
https://purl.bioontology.org/ontology/OFL/OFLID10570,Subcutaneous adipose tissue of wall of abdomen,https://purl.bioontology.org/ontology/OFL/OFLID10414,Subcutaneous adipose tissue of subdivision of cardinal body part,http://purl.obolibrary.org/obo/FMA_74315
https://purl.bioontology.org/ontology/OFL/OFLID10571,Subcutaneous adipose tissue of left pelvic girdle,https://purl.bioontology.org/ontology/OFL/OFLID10414,Subcutaneous adipose tissue of subdivision of cardinal body part,http://purl.obolibrary.org/obo/FMA_74315
https://purl.bioontology.org/ontology/OFL/OFLID10572,Subcutaneous adipose tissue of pelvic girdle,https://purl.bioontology.org/ontology/OFL/OFLID10414,Subcutaneous adipose tissue of subdivision of cardinal body part,http://purl.obolibrary.org/obo/FMA_74315
https://purl.bioontology.org/ontology/OFL/OFLID10573,Subcutaneous adipose tissue of right pelvic girdle,https://purl.bioontology.org/ontology/OFL/OFLID10414,Subcutaneous adipose tissue of subdivision of cardinal body part,http://purl.obolibrary.org/obo/FMA_74315
https://purl.bioontology.org/ontology/OFL/OFLID10574,Subcutaneous adipose tissue of subdivision of anterior part of knee,https://purl.bioontology.org/ontology/OFL/OFLID10414,Subcutaneous adipose tissue of subdivision of cardinal body part,http://purl.obolibrary.org/obo/FMA_74315
https://purl.bioontology.org/ontology/OFL/OFLID10575,Subcutaneous adipose tissue of anterior part proper of knee,https://purl.bioontology.org/ontology/OFL/OFLID10414,Subcutaneous adipose tissue of subdivision of cardinal body part,http://purl.obolibrary.org/obo/FMA_74315
https://purl.bioontology.org/ontology/OFL/OFLID10576,Subcutaneous adipose tissue of body of clitoris,https://purl.bioontology.org/ontology/OFL/OFLID10414,Subcutaneous adipose tissue of subdivision of cardinal body part,http://purl.obolibrary.org/obo/FMA_74315
https://purl.bioontology.org/ontology/OFL/OFLID10577,Subcutaneous adipose tissue of thoracic segment of female trunk,https://purl.bioontology.org/ontology/OFL/OFLID10414,Subcutaneous adipose tissue of subdivision of cardinal body part,http://purl.obolibrary.org/obo/FMA_74315
https://purl.bioontology.org/ontology/OFL/OFLID10578,Subcutaneous adipose tissue of thoracic segment of trunk,https://purl.bioontology.org/ontology/OFL/OFLID10414,Subcutaneous adipose tissue of subdivision of cardinal body part,http://purl.obolibrary.org/obo/FMA_74315
https://purl.bioontology.org/ontology/OFL/OFLID10579,Subcutaneous adipose tissue of thoracic segment of male trunk,https://purl.bioontology.org/ontology/OFL/OFLID10414,Subcutaneous adipose tissue of subdivision of cardinal body part,http://purl.obolibrary.org/obo/FMA_74315
https://purl.bioontology.org/ontology/OFL/OFLID10580,Subcutaneous adipose tissue of subdivision of axilla,https://purl.bioontology.org/ontology/OFL/OFLID10414,Subcutaneous adipose tissue of subdivision of cardinal body part,http://purl.obolibrary.org/obo/FMA_74315
https://purl.bioontology.org/ontology/OFL/OFLID10581,Subcutaneous adipose tissue of right little toe,https://purl.bioontology.org/ontology/OFL/OFLID10414,Subcutaneous adipose tissue of subdivision of cardinal body part,http://purl.obolibrary.org/obo/FMA_74315
https://purl.bioontology.org/ontology/OFL/OFLID10582,Subcutaneous adipose tissue of little toe,https://purl.bioontology.org/ontology/OFL/OFLID10414,Subcutaneous adipose tissue of subdivision of cardinal body part,http://purl.obolibrary.org/obo/FMA_74315
https://purl.bioontology.org/ontology/OFL/OFLID10583,Subcutaneous adipose tissue of left little toe,https://purl.bioontology.org/ontology/OFL/OFLID10414,Subcutaneous adipose tissue of subdivision of cardinal body part,http://purl.obolibrary.org/obo/FMA_74315
https://purl.bioontology.org/ontology/OFL/OFLID10584,Subcutaneous adipose tissue of back of right hand proper,https://purl.bioontology.org/ontology/OFL/OFLID10414,Subcutaneous adipose tissue of subdivision of cardinal body part,http://purl.obolibrary.org/obo/FMA_74315
https://purl.bioontology.org/ontology/OFL/OFLID10585,Subcutaneous adipose tissue of back of hand proper,https://purl.bioontology.org/ontology/OFL/OFLID10414,Subcutaneous adipose tissue of subdivision of cardinal body part,http://purl.obolibrary.org/obo/FMA_74315
https://purl.bioontology.org/ontology/OFL/OFLID10586,Subcutaneous adipose tissue of back of left hand proper,https://purl.bioontology.org/ontology/OFL/OFLID10414,Subcutaneous adipose tissue of subdivision of cardinal body part,http://purl.obolibrary.org/obo/FMA_74315
https://purl.bioontology.org/ontology/OFL/OFLID10587,Subcutaneous adipose tissue of anterior female chest,https://purl.bioontology.org/ontology/OFL/OFLID10414,Subcutaneous adipose tissue of subdivision of cardinal body part,http://purl.obolibrary.org/obo/FMA_74315
https://purl.bioontology.org/ontology/OFL/OFLID10588,Subcutaneous adipose tissue of anterior chest,https://purl.bioontology.org/ontology/OFL/OFLID10414,Subcutaneous adipose tissue of subdivision of cardinal body part,http://purl.obolibrary.org/obo/FMA_74315
https://purl.bioontology.org/ontology/OFL/OFLID10589,Subcutaneous adipose tissue of anterior male chest,https://purl.bioontology.org/ontology/OFL/OFLID10414,Subcutaneous adipose tissue of subdivision of cardinal body part,http://purl.obolibrary.org/obo/FMA_74315
https://purl.bioontology.org/ontology/OFL/OFLID10590,Subcutaneous adipose tissue of sternal part of chest,https://purl.bioontology.org/ontology/OFL/OFLID10414,Subcutaneous adipose tissue of subdivision of cardinal body part,http://purl.obolibrary.org/obo/FMA_74315
https://purl.bioontology.org/ontology/OFL/OFLID10591,Subcutaneous adipose tissue of right nipple,https://purl.bioontology.org/ontology/OFL/OFLID10414,Subcutaneous adipose tissue of subdivision of cardinal body part,http://purl.obolibrary.org/obo/FMA_74315
https://purl.bioontology.org/ontology/OFL/OFLID10592,Subcutaneous adipose tissue of helix,https://purl.bioontology.org/ontology/OFL/OFLID10414,Subcutaneous adipose tissue of subdivision of cardinal body part,http://purl.obolibrary.org/obo/FMA_74315
https://purl.bioontology.org/ontology/OFL/OFLID10593,Subcutaneous adipose tissue of popliteal part of right knee,https://purl.bioontology.org/ontology/OFL/OFLID10414,Subcutaneous adipose tissue of subdivision of cardinal body part,http://purl.obolibrary.org/obo/FMA_74315
https://purl.bioontology.org/ontology/OFL/OFLID10594,Subcutaneous adipose tissue of popliteal part of knee,https://purl.bioontology.org/ontology/OFL/OFLID10414,Subcutaneous adipose tissue of subdivision of cardinal body part,http://purl.obolibrary.org/obo/FMA_74315
https://purl.bioontology.org/ontology/OFL/OFLID10595,Subcutaneous adipose tissue of popliteal part of left knee,https://purl.bioontology.org/ontology/OFL/OFLID10414,Subcutaneous adipose tissue of subdivision of cardinal body part,http://purl.obolibrary.org/obo/FMA_74315
https://purl.bioontology.org/ontology/OFL/OFLID10596,Subcutaneous adipose tissue of labial part of mouth,https://purl.bioontology.org/ontology/OFL/OFLID10414,Subcutaneous adipose tissue of subdivision of cardinal body part,http://purl.obolibrary.org/obo/FMA_74315
https://purl.bioontology.org/ontology/OFL/OFLID10597,Subcutaneous adipose tissue of palmar part of little finger,https://purl.bioontology.org/ontology/OFL/OFLID10414,Subcutaneous adipose tissue of subdivision of cardinal body part,http://purl.obolibrary.org/obo/FMA_74315
https://purl.bioontology.org/ontology/OFL/OFLID10598,Subcutaneous adipose tissue of palmar part of finger,https://purl.bioontology.org/ontology/OFL/OFLID10414,Subcutaneous adipose tissue of subdivision of cardinal body part,http://purl.obolibrary.org/obo/FMA_74315
https://purl.bioontology.org/ontology/OFL/OFLID10599,Subcutaneous adipose tissue of left side of chin,https://purl.bioontology.org/ontology/OFL/OFLID10414,Subcutaneous adipose tissue of subdivision of cardinal body part,http://purl.obolibrary.org/obo/FMA_74315
https://purl.bioontology.org/ontology/OFL/OFLID10600,Subcutaneous adipose tissue of subdivision of face,https://purl.bioontology.org/ontology/OFL/OFLID10414,Subcutaneous adipose tissue of subdivision of cardinal body part,http://purl.obolibrary.org/obo/FMA_74315
https://purl.bioontology.org/ontology/OFL/OFLID10601,Subcutaneous adipose tissue of hypogastrium,https://purl.bioontology.org/ontology/OFL/OFLID10414,Subcutaneous adipose tissue of subdivision of cardinal body part,http://purl.obolibrary.org/obo/FMA_74315
https://purl.bioontology.org/ontology/OFL/OFLID10602,Subcutaneous adipose tissue of throat,https://purl.bioontology.org/ontology/OFL/OFLID10414,Subcutaneous adipose tissue of subdivision of cardinal body part,http://purl.obolibrary.org/obo/FMA_74315
https://purl.bioontology.org/ontology/OFL/OFLID10603,Subcutaneous adipose tissue of subdivision of front of neck,https://purl.bioontology.org/ontology/OFL/OFLID10414,Subcutaneous adipose tissue of subdivision of cardinal body part,http://purl.obolibrary.org/obo/FMA_74315
https://purl.bioontology.org/ontology/OFL/OFLID10604,Subcutaneous adipose tissue of mouth,https://purl.bioontology.org/ontology/OFL/OFLID10414,Subcutaneous adipose tissue of subdivision of cardinal body part,http://purl.obolibrary.org/obo/FMA_74315
https://purl.bioontology.org/ontology/OFL/OFLID10605,Subcutaneous adipose tissue of lateral part of thigh,https://purl.bioontology.org/ontology/OFL/OFLID10414,Subcutaneous adipose tissue of subdivision of cardinal body part,http://purl.obolibrary.org/obo/FMA_74315
https://purl.bioontology.org/ontology/OFL/OFLID10606,Subcutaneous adipose tissue of segment of thigh,https://purl.bioontology.org/ontology/OFL/OFLID10414,Subcutaneous adipose tissue of subdivision of cardinal body part,http://purl.obolibrary.org/obo/FMA_74315
https://purl.bioontology.org/ontology/OFL/OFLID10607,Subcutaneous adipose tissue of left labium minus,https://purl.bioontology.org/ontology/OFL/OFLID10414,Subcutaneous adipose tissue of subdivision of cardinal body part,http://purl.obolibrary.org/obo/FMA_74315
https://purl.bioontology.org/ontology/OFL/OFLID10608,Subcutaneous adipose tissue of labium minus,https://purl.bioontology.org/ontology/OFL/OFLID10414,Subcutaneous adipose tissue of subdivision of cardinal body part,http://purl.obolibrary.org/obo/FMA_74315
https://purl.bioontology.org/ontology/OFL/OFLID10609,Subcutaneous adipose tissue of right labium minus,https://purl.bioontology.org/ontology/OFL/OFLID10414,Subcutaneous adipose tissue of subdivision of cardinal body part,http://purl.obolibrary.org/obo/FMA_74315
https://purl.bioontology.org/ontology/OFL/OFLID10610,Subcutaneous adipose tissue of anterior part of ankle,https://purl.bioontology.org/ontology/OFL/OFLID10414,Subcutaneous adipose tissue of subdivision of cardinal body part,http://purl.obolibrary.org/obo/FMA_74315
https://purl.bioontology.org/ontology/OFL/OFLID10611,Subcutaneous adipose tissue of segment of ankle,https://purl.bioontology.org/ontology/OFL/OFLID10414,Subcutaneous adipose tissue of subdivision of cardinal body part,http://purl.obolibrary.org/obo/FMA_74315
https://purl.bioontology.org/ontology/OFL/OFLID10612,Subcutaneous adipose tissue of posterior part of right elbow,https://purl.bioontology.org/ontology/OFL/OFLID10414,Subcutaneous adipose tissue of subdivision of cardinal body part,http://purl.obolibrary.org/obo/FMA_74315
https://purl.bioontology.org/ontology/OFL/OFLID10613,Subcutaneous adipose tissue of posterior part of elbow,https://purl.bioontology.org/ontology/OFL/OFLID10414,Subcutaneous adipose tissue of subdivision of cardinal body part,http://purl.obolibrary.org/obo/FMA_74315
https://purl.bioontology.org/ontology/OFL/OFLID10614,Subcutaneous adipose tissue of posterior part of left elbow,https://purl.bioontology.org/ontology/OFL/OFLID10414,Subcutaneous adipose tissue of subdivision of cardinal body part,http://purl.obolibrary.org/obo/FMA_74315
https://purl.bioontology.org/ontology/OFL/OFLID10615,Subcutaneous adipose tissue of right ring finger,https://purl.bioontology.org/ontology/OFL/OFLID10414,Subcutaneous adipose tissue of subdivision of cardinal body part,http://purl.obolibrary.org/obo/FMA_74315
https://purl.bioontology.org/ontology/OFL/OFLID10616,Subcutaneous adipose tissue of ring finger,https://purl.bioontology.org/ontology/OFL/OFLID10414,Subcutaneous adipose tissue of subdivision of cardinal body part,http://purl.obolibrary.org/obo/FMA_74315
https://purl.bioontology.org/ontology/OFL/OFLID10617,Subcutaneous adipose tissue of left ring finger,https://purl.bioontology.org/ontology/OFL/OFLID10414,Subcutaneous adipose tissue of subdivision of cardinal body part,http://purl.obolibrary.org/obo/FMA_74315
https://purl.bioontology.org/ontology/OFL/OFLID10618,Subcutaneous adipose tissue of urogenital part proper of female perineum,https://purl.bioontology.org/ontology/OFL/OFLID10414,Subcutaneous adipose tissue of subdivision of cardinal body part,http://purl.obolibrary.org/obo/FMA_74315
https://purl.bioontology.org/ontology/OFL/OFLID10619,Subcutaneous adipose tissue of lateral thoracic wall,https://purl.bioontology.org/ontology/OFL/OFLID10414,Subcutaneous adipose tissue of subdivision of cardinal body part,http://purl.obolibrary.org/obo/FMA_74315
https://purl.bioontology.org/ontology/OFL/OFLID10620,Subcutaneous adipose tissue of dorsal part of middle finger,https://purl.bioontology.org/ontology/OFL/OFLID10414,Subcutaneous adipose tissue of subdivision of cardinal body part,http://purl.obolibrary.org/obo/FMA_74315
https://purl.bioontology.org/ontology/OFL/OFLID10621,Subcutaneous adipose tissue of chest wall,https://purl.bioontology.org/ontology/OFL/OFLID10414,Subcutaneous adipose tissue of subdivision of cardinal body part,http://purl.obolibrary.org/obo/FMA_74315
https://purl.bioontology.org/ontology/OFL/OFLID10622,Subcutaneous adipose tissue of right thigh,https://purl.bioontology.org/ontology/OFL/OFLID10414,Subcutaneous adipose tissue of subdivision of cardinal body part,http://purl.obolibrary.org/obo/FMA_74315
https://purl.bioontology.org/ontology/OFL/OFLID10623,Subcutaneous adipose tissue of thigh,https://purl.bioontology.org/ontology/OFL/OFLID10414,Subcutaneous adipose tissue of subdivision of cardinal body part,http://purl.obolibrary.org/obo/FMA_74315
https://purl.bioontology.org/ontology/OFL/OFLID10624,Subcutaneous adipose tissue of left thigh,https://purl.bioontology.org/ontology/OFL/OFLID10414,Subcutaneous adipose tissue of subdivision of cardinal body part,http://purl.obolibrary.org/obo/FMA_74315
https://purl.bioontology.org/ontology/OFL/OFLID10625,Subcutaneous adipose tissue of medial compartment of foot,https://purl.bioontology.org/ontology/OFL/OFLID10414,Subcutaneous adipose tissue of subdivision of cardinal body part,http://purl.obolibrary.org/obo/FMA_74315
https://purl.bioontology.org/ontology/OFL/OFLID10626,Subcutaneous adipose tissue of wall of subdivision of external acoustic tube,https://purl.bioontology.org/ontology/OFL/OFLID10414,Subcutaneous adipose tissue of subdivision of cardinal body part,http://purl.obolibrary.org/obo/FMA_74315
https://purl.bioontology.org/ontology/OFL/OFLID10627,Subcutaneous adipose tissue of infrascapular part of back,https://purl.bioontology.org/ontology/OFL/OFLID10414,Subcutaneous adipose tissue of subdivision of cardinal body part,http://purl.obolibrary.org/obo/FMA_74315
https://purl.bioontology.org/ontology/OFL/OFLID10628,Subcutaneous adipose tissue of subdivision of back of thorax,https://purl.bioontology.org/ontology/OFL/OFLID10414,Subcutaneous adipose tissue of subdivision of cardinal body part,http://purl.obolibrary.org/obo/FMA_74315
https://purl.bioontology.org/ontology/OFL/OFLID10629,Subcutaneous adipose tissue of male perineum,https://purl.bioontology.org/ontology/OFL/OFLID10414,Subcutaneous adipose tissue of subdivision of cardinal body part,http://purl.obolibrary.org/obo/FMA_74315
https://purl.bioontology.org/ontology/OFL/OFLID10630,Subcutaneous adipose tissue of perineum,https://purl.bioontology.org/ontology/OFL/OFLID10414,Subcutaneous adipose tissue of subdivision of cardinal body part,http://purl.obolibrary.org/obo/FMA_74315
https://purl.bioontology.org/ontology/OFL/OFLID10631,Subcutaneous adipose tissue of female perineum,https://purl.bioontology.org/ontology/OFL/OFLID10414,Subcutaneous adipose tissue of subdivision of cardinal body part,http://purl.obolibrary.org/obo/FMA_74315
https://purl.bioontology.org/ontology/OFL/OFLID10632,Subcutaneous adipose tissue of right helix,https://purl.bioontology.org/ontology/OFL/OFLID10414,Subcutaneous adipose tissue of subdivision of cardinal body part,http://purl.obolibrary.org/obo/FMA_74315
https://purl.bioontology.org/ontology/OFL/OFLID10633,Subcutaneous adipose tissue of left helix,https://purl.bioontology.org/ontology/OFL/OFLID10414,Subcutaneous adipose tissue of subdivision of cardinal body part,http://purl.obolibrary.org/obo/FMA_74315
https://purl.bioontology.org/ontology/OFL/OFLID10634,Subcutaneous adipose tissue of posterior part of left thigh,https://purl.bioontology.org/ontology/OFL/OFLID10414,Subcutaneous adipose tissue of subdivision of cardinal body part,http://purl.obolibrary.org/obo/FMA_74315
https://purl.bioontology.org/ontology/OFL/OFLID10635,Subcutaneous adipose tissue of posterior part of thigh,https://purl.bioontology.org/ontology/OFL/OFLID10414,Subcutaneous adipose tissue of subdivision of cardinal body part,http://purl.obolibrary.org/obo/FMA_74315
https://purl.bioontology.org/ontology/OFL/OFLID10636,Subcutaneous adipose tissue of posterior part of right thigh,https://purl.bioontology.org/ontology/OFL/OFLID10414,Subcutaneous adipose tissue of subdivision of cardinal body part,http://purl.obolibrary.org/obo/FMA_74315
https://purl.bioontology.org/ontology/OFL/OFLID10637,Subcutaneous adipose tissue of upper eyelid,https://purl.bioontology.org/ontology/OFL/OFLID10414,Subcutaneous adipose tissue of subdivision of cardinal body part,http://purl.obolibrary.org/obo/FMA_74315
https://purl.bioontology.org/ontology/OFL/OFLID10638,Subcutaneous adipose tissue of eyelid,https://purl.bioontology.org/ontology/OFL/OFLID10414,Subcutaneous adipose tissue of subdivision of cardinal body part,http://purl.obolibrary.org/obo/FMA_74315
https://purl.bioontology.org/ontology/OFL/OFLID10639,Subcutaneous adipose tissue of lower eyelid,https://purl.bioontology.org/ontology/OFL/OFLID10414,Subcutaneous adipose tissue of subdivision of cardinal body part,http://purl.obolibrary.org/obo/FMA_74315
https://purl.bioontology.org/ontology/OFL/OFLID10640,Subcutaneous adipose tissue of free upper limb segment,https://purl.bioontology.org/ontology/OFL/OFLID10414,Subcutaneous adipose tissue of subdivision of cardinal body part,http://purl.obolibrary.org/obo/FMA_74315
https://purl.bioontology.org/ontology/OFL/OFLID10641,Subcutaneous adipose tissue of dorsal part of right thumb,https://purl.bioontology.org/ontology/OFL/OFLID10414,Subcutaneous adipose tissue of subdivision of cardinal body part,http://purl.obolibrary.org/obo/FMA_74315
https://purl.bioontology.org/ontology/OFL/OFLID10642,Subcutaneous adipose tissue of dorsal part of thumb,https://purl.bioontology.org/ontology/OFL/OFLID10414,Subcutaneous adipose tissue of subdivision of cardinal body part,http://purl.obolibrary.org/obo/FMA_74315
https://purl.bioontology.org/ontology/OFL/OFLID10643,Subcutaneous adipose tissue of dorsal part of left thumb,https://purl.bioontology.org/ontology/OFL/OFLID10414,Subcutaneous adipose tissue of subdivision of cardinal body part,http://purl.obolibrary.org/obo/FMA_74315
https://purl.bioontology.org/ontology/OFL/OFLID10644,Subcutaneous adipose tissue of lateral part of right foot,https://purl.bioontology.org/ontology/OFL/OFLID10414,Subcutaneous adipose tissue of subdivision of cardinal body part,http://purl.obolibrary.org/obo/FMA_74315
https://purl.bioontology.org/ontology/OFL/OFLID10645,Subcutaneous adipose tissue of lateral part of foot,https://purl.bioontology.org/ontology/OFL/OFLID10414,Subcutaneous adipose tissue of subdivision of cardinal body part,http://purl.obolibrary.org/obo/FMA_74315
https://purl.bioontology.org/ontology/OFL/OFLID10646,Subcutaneous adipose tissue of lateral part of left foot,https://purl.bioontology.org/ontology/OFL/OFLID10414,Subcutaneous adipose tissue of subdivision of cardinal body part,http://purl.obolibrary.org/obo/FMA_74315
https://purl.bioontology.org/ontology/OFL/OFLID10647,Subcutaneous adipose tissue of back of abdomen,https://purl.bioontology.org/ontology/OFL/OFLID10414,Subcutaneous adipose tissue of subdivision of cardinal body part,http://purl.obolibrary.org/obo/FMA_74315
https://purl.bioontology.org/ontology/OFL/OFLID10648,Subcutaneous adipose tissue of subdivision of back of trunk,https://purl.bioontology.org/ontology/OFL/OFLID10414,Subcutaneous adipose tissue of subdivision of cardinal body part,http://purl.obolibrary.org/obo/FMA_74315
https://purl.bioontology.org/ontology/OFL/OFLID10649,Subcutaneous adipose tissue of zygomatic part of right cheek,https://purl.bioontology.org/ontology/OFL/OFLID10414,Subcutaneous adipose tissue of subdivision of cardinal body part,http://purl.obolibrary.org/obo/FMA_74315
https://purl.bioontology.org/ontology/OFL/OFLID10650,Subcutaneous adipose tissue of zygomatic part of cheek,https://purl.bioontology.org/ontology/OFL/OFLID10414,Subcutaneous adipose tissue of subdivision of cardinal body part,http://purl.obolibrary.org/obo/FMA_74315
https://purl.bioontology.org/ontology/OFL/OFLID10651,Subcutaneous adipose tissue of zygomatic part of left cheek,https://purl.bioontology.org/ontology/OFL/OFLID10414,Subcutaneous adipose tissue of subdivision of cardinal body part,http://purl.obolibrary.org/obo/FMA_74315
https://purl.bioontology.org/ontology/OFL/OFLID10652,Subcutaneous adipose tissue of posterior part proper of right elbow,https://purl.bioontology.org/ontology/OFL/OFLID10414,Subcutaneous adipose tissue of subdivision of cardinal body part,http://purl.obolibrary.org/obo/FMA_74315
https://purl.bioontology.org/ontology/OFL/OFLID10653,Subcutaneous adipose tissue of posterior part proper of elbow,https://purl.bioontology.org/ontology/OFL/OFLID10414,Subcutaneous adipose tissue of subdivision of cardinal body part,http://purl.obolibrary.org/obo/FMA_74315
https://purl.bioontology.org/ontology/OFL/OFLID10654,Subcutaneous adipose tissue of posterior part proper of left elbow,https://purl.bioontology.org/ontology/OFL/OFLID10414,Subcutaneous adipose tissue of subdivision of cardinal body part,http://purl.obolibrary.org/obo/FMA_74315
https://purl.bioontology.org/ontology/OFL/OFLID10655,Subcutaneous adipose tissue of hypochondrium,https://purl.bioontology.org/ontology/OFL/OFLID10414,Subcutaneous adipose tissue of subdivision of cardinal body part,http://purl.obolibrary.org/obo/FMA_74315
https://purl.bioontology.org/ontology/OFL/OFLID10656,Subcutaneous adipose tissue of male trunk,https://purl.bioontology.org/ontology/OFL/OFLID10414,Subcutaneous adipose tissue of subdivision of cardinal body part,http://purl.obolibrary.org/obo/FMA_74315
https://purl.bioontology.org/ontology/OFL/OFLID10657,Subcutaneous adipose tissue of trunk,https://purl.bioontology.org/ontology/OFL/OFLID10414,Subcutaneous adipose tissue of subdivision of cardinal body part,http://purl.obolibrary.org/obo/FMA_74315
https://purl.bioontology.org/ontology/OFL/OFLID10658,Subcutaneous adipose tissue of female trunk,https://purl.bioontology.org/ontology/OFL/OFLID10414,Subcutaneous adipose tissue of subdivision of cardinal body part,http://purl.obolibrary.org/obo/FMA_74315
https://purl.bioontology.org/ontology/OFL/OFLID10659,Subcutaneous adipose tissue of right side of chin,https://purl.bioontology.org/ontology/OFL/OFLID10414,Subcutaneous adipose tissue of subdivision of cardinal body part,http://purl.obolibrary.org/obo/FMA_74315
https://purl.bioontology.org/ontology/OFL/OFLID10660,Subcutaneous adipose tissue of plantar part of right foot,https://purl.bioontology.org/ontology/OFL/OFLID10414,Subcutaneous adipose tissue of subdivision of cardinal body part,http://purl.obolibrary.org/obo/FMA_74315
https://purl.bioontology.org/ontology/OFL/OFLID10661,Subcutaneous adipose tissue of plantar part of foot,https://purl.bioontology.org/ontology/OFL/OFLID10414,Subcutaneous adipose tissue of subdivision of cardinal body part,http://purl.obolibrary.org/obo/FMA_74315
https://purl.bioontology.org/ontology/OFL/OFLID10662,Subcutaneous adipose tissue of plantar part of left foot,https://purl.bioontology.org/ontology/OFL/OFLID10414,Subcutaneous adipose tissue of subdivision of cardinal body part,http://purl.obolibrary.org/obo/FMA_74315
https://purl.bioontology.org/ontology/OFL/OFLID10663,Subcutaneous adipose tissue of back of neck,https://purl.bioontology.org/ontology/OFL/OFLID10414,Subcutaneous adipose tissue of subdivision of cardinal body part,http://purl.obolibrary.org/obo/FMA_74315
https://purl.bioontology.org/ontology/OFL/OFLID10664,Subcutaneous adipose tissue of thenar eminence,https://purl.bioontology.org/ontology/OFL/OFLID10414,Subcutaneous adipose tissue of subdivision of cardinal body part,http://purl.obolibrary.org/obo/FMA_74315
https://purl.bioontology.org/ontology/OFL/OFLID10665,Subcutaneous adipose tissue of segment of palm,https://purl.bioontology.org/ontology/OFL/OFLID10414,Subcutaneous adipose tissue of subdivision of cardinal body part,http://purl.obolibrary.org/obo/FMA_74315
https://purl.bioontology.org/ontology/OFL/OFLID10666,Subcutaneous adipose tissue of tip of nose,https://purl.bioontology.org/ontology/OFL/OFLID10414,Subcutaneous adipose tissue of subdivision of cardinal body part,http://purl.obolibrary.org/obo/FMA_74315
https://purl.bioontology.org/ontology/OFL/OFLID10667,Subcutaneous adipose tissue of medial wall of axilla,https://purl.bioontology.org/ontology/OFL/OFLID10414,Subcutaneous adipose tissue of subdivision of cardinal body part,http://purl.obolibrary.org/obo/FMA_74315
https://purl.bioontology.org/ontology/OFL/OFLID10668,Subcutaneous adipose tissue of wall of external part of left external acoustic tube,https://purl.bioontology.org/ontology/OFL/OFLID10414,Subcutaneous adipose tissue of subdivision of cardinal body part,http://purl.obolibrary.org/obo/FMA_74315
https://purl.bioontology.org/ontology/OFL/OFLID10669,Subcutaneous adipose tissue of wall of external part of external acoustic tube,https://purl.bioontology.org/ontology/OFL/OFLID10414,Subcutaneous adipose tissue of subdivision of cardinal body part,http://purl.obolibrary.org/obo/FMA_74315
https://purl.bioontology.org/ontology/OFL/OFLID10670,Subcutaneous adipose tissue of wall of external part of right external acoustic tube,https://purl.bioontology.org/ontology/OFL/OFLID10414,Subcutaneous adipose tissue of subdivision of cardinal body part,http://purl.obolibrary.org/obo/FMA_74315
https://purl.bioontology.org/ontology/OFL/OFLID10671,Subcutaneous adipose tissue of posterior part of right wrist,https://purl.bioontology.org/ontology/OFL/OFLID10414,Subcutaneous adipose tissue of subdivision of cardinal body part,http://purl.obolibrary.org/obo/FMA_74315
https://purl.bioontology.org/ontology/OFL/OFLID10672,Subcutaneous adipose tissue of posterior part of wrist,https://purl.bioontology.org/ontology/OFL/OFLID10414,Subcutaneous adipose tissue of subdivision of cardinal body part,http://purl.obolibrary.org/obo/FMA_74315
https://purl.bioontology.org/ontology/OFL/OFLID10673,Subcutaneous adipose tissue of posterior part of left wrist,https://purl.bioontology.org/ontology/OFL/OFLID10414,Subcutaneous adipose tissue of subdivision of cardinal body part,http://purl.obolibrary.org/obo/FMA_74315
https://purl.bioontology.org/ontology/OFL/OFLID10674,Subcutaneous adipose tissue of left ala of nose,https://purl.bioontology.org/ontology/OFL/OFLID10414,Subcutaneous adipose tissue of subdivision of cardinal body part,http://purl.obolibrary.org/obo/FMA_74315
https://purl.bioontology.org/ontology/OFL/OFLID10675,Subcutaneous adipose tissue of ala of nose,https://purl.bioontology.org/ontology/OFL/OFLID10414,Subcutaneous adipose tissue of subdivision of cardinal body part,http://purl.obolibrary.org/obo/FMA_74315
https://purl.bioontology.org/ontology/OFL/OFLID10676,Subcutaneous adipose tissue of right ala of nose,https://purl.bioontology.org/ontology/OFL/OFLID10414,Subcutaneous adipose tissue of subdivision of cardinal body part,http://purl.obolibrary.org/obo/FMA_74315
https://purl.bioontology.org/ontology/OFL/OFLID10677,Subcutaneous adipose tissue of floor of mouth,https://purl.bioontology.org/ontology/OFL/OFLID10414,Subcutaneous adipose tissue of subdivision of cardinal body part,http://purl.obolibrary.org/obo/FMA_74315
https://purl.bioontology.org/ontology/OFL/OFLID10678,Subcutaneous adipose tissue of body wall,https://purl.bioontology.org/ontology/OFL/OFLID10414,Subcutaneous adipose tissue of subdivision of cardinal body part,http://purl.obolibrary.org/obo/FMA_74315
https://purl.bioontology.org/ontology/OFL/OFLID10679,Subcutaneous adipose tissue of toe,https://purl.bioontology.org/ontology/OFL/OFLID10414,Subcutaneous adipose tissue of subdivision of cardinal body part,http://purl.obolibrary.org/obo/FMA_74315
https://purl.bioontology.org/ontology/OFL/OFLID10680,Subcutaneous adipose tissue of scapular part of left pectoral girdle,https://purl.bioontology.org/ontology/OFL/OFLID10414,Subcutaneous adipose tissue of subdivision of cardinal body part,http://purl.obolibrary.org/obo/FMA_74315
https://purl.bioontology.org/ontology/OFL/OFLID10681,Subcutaneous adipose tissue of scapular part of pectoral girdle,https://purl.bioontology.org/ontology/OFL/OFLID10414,Subcutaneous adipose tissue of subdivision of cardinal body part,http://purl.obolibrary.org/obo/FMA_74315
https://purl.bioontology.org/ontology/OFL/OFLID10682,Subcutaneous adipose tissue of scapular part of right pectoral girdle,https://purl.bioontology.org/ontology/OFL/OFLID10414,Subcutaneous adipose tissue of subdivision of cardinal body part,http://purl.obolibrary.org/obo/FMA_74315
https://purl.bioontology.org/ontology/OFL/OFLID10683,Subcutaneous adipose tissue of right half of inferior part of back of neck,https://purl.bioontology.org/ontology/OFL/OFLID10414,Subcutaneous adipose tissue of subdivision of cardinal body part,http://purl.obolibrary.org/obo/FMA_74315
https://purl.bioontology.org/ontology/OFL/OFLID10684,Subcutaneous adipose tissue of right male breast proper,https://purl.bioontology.org/ontology/OFL/OFLID10414,Subcutaneous adipose tissue of subdivision of cardinal body part,http://purl.obolibrary.org/obo/FMA_74315
https://purl.bioontology.org/ontology/OFL/OFLID10685,Subcutaneous adipose tissue of left male breast proper,https://purl.bioontology.org/ontology/OFL/OFLID10414,Subcutaneous adipose tissue of subdivision of cardinal body part,http://purl.obolibrary.org/obo/FMA_74315
https://purl.bioontology.org/ontology/OFL/OFLID10686,Subcutaneous adipose tissue of wall of inner part of right external acoustic tube,https://purl.bioontology.org/ontology/OFL/OFLID10414,Subcutaneous adipose tissue of subdivision of cardinal body part,http://purl.obolibrary.org/obo/FMA_74315
https://purl.bioontology.org/ontology/OFL/OFLID10687,Subcutaneous adipose tissue of wall of inner part of external acoustic tube,https://purl.bioontology.org/ontology/OFL/OFLID10414,Subcutaneous adipose tissue of subdivision of cardinal body part,http://purl.obolibrary.org/obo/FMA_74315
https://purl.bioontology.org/ontology/OFL/OFLID10688,Subcutaneous adipose tissue of wall of inner part of left external acoustic tube,https://purl.bioontology.org/ontology/OFL/OFLID10414,Subcutaneous adipose tissue of subdivision of cardinal body part,http://purl.obolibrary.org/obo/FMA_74315
https://purl.bioontology.org/ontology/OFL/OFLID10689,Subcutaneous adipose tissue of quadrant of breast,https://purl.bioontology.org/ontology/OFL/OFLID10414,Subcutaneous adipose tissue of subdivision of cardinal body part,http://purl.obolibrary.org/obo/FMA_74315
https://purl.bioontology.org/ontology/OFL/OFLID10690,Subcutaneous adipose tissue of wall of left axilla,https://purl.bioontology.org/ontology/OFL/OFLID10414,Subcutaneous adipose tissue of subdivision of cardinal body part,http://purl.obolibrary.org/obo/FMA_74315
https://purl.bioontology.org/ontology/OFL/OFLID10691,Subcutaneous adipose tissue of wall of axilla,https://purl.bioontology.org/ontology/OFL/OFLID10414,Subcutaneous adipose tissue of subdivision of cardinal body part,http://purl.obolibrary.org/obo/FMA_74315
https://purl.bioontology.org/ontology/OFL/OFLID10692,Subcutaneous adipose tissue of wall of right axilla,https://purl.bioontology.org/ontology/OFL/OFLID10414,Subcutaneous adipose tissue of subdivision of cardinal body part,http://purl.obolibrary.org/obo/FMA_74315
https://purl.bioontology.org/ontology/OFL/OFLID10693,Subcutaneous adipose tissue of infra-orbital part of cheek,https://purl.bioontology.org/ontology/OFL/OFLID10414,Subcutaneous adipose tissue of subdivision of cardinal body part,http://purl.obolibrary.org/obo/FMA_74315
https://purl.bioontology.org/ontology/OFL/OFLID10694,Subcutaneous adipose tissue of right middle finger,https://purl.bioontology.org/ontology/OFL/OFLID10414,Subcutaneous adipose tissue of subdivision of cardinal body part,http://purl.obolibrary.org/obo/FMA_74315
https://purl.bioontology.org/ontology/OFL/OFLID10695,Subcutaneous adipose tissue of middle finger,https://purl.bioontology.org/ontology/OFL/OFLID10414,Subcutaneous adipose tissue of subdivision of cardinal body part,http://purl.obolibrary.org/obo/FMA_74315
https://purl.bioontology.org/ontology/OFL/OFLID10696,Subcutaneous adipose tissue of left middle finger,https://purl.bioontology.org/ontology/OFL/OFLID10414,Subcutaneous adipose tissue of subdivision of cardinal body part,http://purl.obolibrary.org/obo/FMA_74315
https://purl.bioontology.org/ontology/OFL/OFLID10697,Subcutaneous adipose tissue of right medial retromalleolar region,https://purl.bioontology.org/ontology/OFL/OFLID10414,Subcutaneous adipose tissue of subdivision of cardinal body part,http://purl.obolibrary.org/obo/FMA_74315
https://purl.bioontology.org/ontology/OFL/OFLID10698,Subcutaneous adipose tissue of medial retromalleolar region,https://purl.bioontology.org/ontology/OFL/OFLID10414,Subcutaneous adipose tissue of subdivision of cardinal body part,http://purl.obolibrary.org/obo/FMA_74315
https://purl.bioontology.org/ontology/OFL/OFLID10699,Subcutaneous adipose tissue of left medial retromalleolar region,https://purl.bioontology.org/ontology/OFL/OFLID10414,Subcutaneous adipose tissue of subdivision of cardinal body part,http://purl.obolibrary.org/obo/FMA_74315
https://purl.bioontology.org/ontology/OFL/OFLID10700,Subcutaneous adipose tissue of right half of front of neck,https://purl.bioontology.org/ontology/OFL/OFLID10414,Subcutaneous adipose tissue of subdivision of cardinal body part,http://purl.obolibrary.org/obo/FMA_74315
https://purl.bioontology.org/ontology/OFL/OFLID10701,Subcutaneous adipose tissue of left antihelix,https://purl.bioontology.org/ontology/OFL/OFLID10414,Subcutaneous adipose tissue of subdivision of cardinal body part,http://purl.obolibrary.org/obo/FMA_74315
https://purl.bioontology.org/ontology/OFL/OFLID10703,Subcutaneous adipose tissue of right antihelix,https://purl.bioontology.org/ontology/OFL/OFLID10414,Subcutaneous adipose tissue of subdivision of cardinal body part,http://purl.obolibrary.org/obo/FMA_74315
https://purl.bioontology.org/ontology/OFL/OFLID10704,Subcutaneous adipose tissue of right upper hemithorax,https://purl.bioontology.org/ontology/OFL/OFLID10414,Subcutaneous adipose tissue of subdivision of cardinal body part,http://purl.obolibrary.org/obo/FMA_74315
https://purl.bioontology.org/ontology/OFL/OFLID10705,Subcutaneous adipose tissue of upper hemithorax,https://purl.bioontology.org/ontology/OFL/OFLID10414,Subcutaneous adipose tissue of subdivision of cardinal body part,http://purl.obolibrary.org/obo/FMA_74315
https://purl.bioontology.org/ontology/OFL/OFLID10706,Subcutaneous adipose tissue of left upper hemithorax,https://purl.bioontology.org/ontology/OFL/OFLID10414,Subcutaneous adipose tissue of subdivision of cardinal body part,http://purl.obolibrary.org/obo/FMA_74315
https://purl.bioontology.org/ontology/OFL/OFLID10707,Subcutaneous adipose tissue of concha proper of left pinna,https://purl.bioontology.org/ontology/OFL/OFLID10414,Subcutaneous adipose tissue of subdivision of cardinal body part,http://purl.obolibrary.org/obo/FMA_74315
https://purl.bioontology.org/ontology/OFL/OFLID10708,Subcutaneous adipose tissue of concha proper of right pinna,https://purl.bioontology.org/ontology/OFL/OFLID10414,Subcutaneous adipose tissue of subdivision of cardinal body part,http://purl.obolibrary.org/obo/FMA_74315
https://purl.bioontology.org/ontology/OFL/OFLID10709,Subcutaneous adipose tissue of pectoral part of male chest,https://purl.bioontology.org/ontology/OFL/OFLID10414,Subcutaneous adipose tissue of subdivision of cardinal body part,http://purl.obolibrary.org/obo/FMA_74315
https://purl.bioontology.org/ontology/OFL/OFLID10710,Subcutaneous adipose tissue of upper outer quadrant of right female breast,https://purl.bioontology.org/ontology/OFL/OFLID10414,Subcutaneous adipose tissue of subdivision of cardinal body part,http://purl.obolibrary.org/obo/FMA_74315
https://purl.bioontology.org/ontology/OFL/OFLID10711,Subcutaneous adipose tissue of upper outer quadrant of breast,https://purl.bioontology.org/ontology/OFL/OFLID10414,Subcutaneous adipose tissue of subdivision of cardinal body part,http://purl.obolibrary.org/obo/FMA_74315
https://purl.bioontology.org/ontology/OFL/OFLID10712,Subcutaneous adipose tissue of upper outer quadrant of left female breast,https://purl.bioontology.org/ontology/OFL/OFLID10414,Subcutaneous adipose tissue of subdivision of cardinal body part,http://purl.obolibrary.org/obo/FMA_74315
https://purl.bioontology.org/ontology/OFL/OFLID10713,Subcutaneous adipose tissue of inner part of external acoustic tube,https://purl.bioontology.org/ontology/OFL/OFLID10414,Subcutaneous adipose tissue of subdivision of cardinal body part,http://purl.obolibrary.org/obo/FMA_74315
https://purl.bioontology.org/ontology/OFL/OFLID10714,Subcutaneous adipose tissue of right metatarsus,https://purl.bioontology.org/ontology/OFL/OFLID10414,Subcutaneous adipose tissue of subdivision of cardinal body part,http://purl.obolibrary.org/obo/FMA_74315
https://purl.bioontology.org/ontology/OFL/OFLID10715,Subcutaneous adipose tissue of left metatarsus,https://purl.bioontology.org/ontology/OFL/OFLID10414,Subcutaneous adipose tissue of subdivision of cardinal body part,http://purl.obolibrary.org/obo/FMA_74315
https://purl.bioontology.org/ontology/OFL/OFLID10716,Subcutaneous adipose tissue of back of free lower limb,https://purl.bioontology.org/ontology/OFL/OFLID10414,Subcutaneous adipose tissue of subdivision of cardinal body part,http://purl.obolibrary.org/obo/FMA_74315
https://purl.bioontology.org/ontology/OFL/OFLID10717,Subcutaneous adipose tissue of lower trunk,https://purl.bioontology.org/ontology/OFL/OFLID10414,Subcutaneous adipose tissue of subdivision of cardinal body part,http://purl.obolibrary.org/obo/FMA_74315
https://purl.bioontology.org/ontology/OFL/OFLID10718,Subcutaneous adipose tissue of posterior part of forearm,https://purl.bioontology.org/ontology/OFL/OFLID10414,Subcutaneous adipose tissue of subdivision of cardinal body part,http://purl.obolibrary.org/obo/FMA_74315
https://purl.bioontology.org/ontology/OFL/OFLID10719,Subcutaneous adipose tissue of back of left upper limb,https://purl.bioontology.org/ontology/OFL/OFLID10414,Subcutaneous adipose tissue of subdivision of cardinal body part,http://purl.obolibrary.org/obo/FMA_74315
https://purl.bioontology.org/ontology/OFL/OFLID10720,Subcutaneous adipose tissue of back of upper limb,https://purl.bioontology.org/ontology/OFL/OFLID10414,Subcutaneous adipose tissue of subdivision of cardinal body part,http://purl.obolibrary.org/obo/FMA_74315
https://purl.bioontology.org/ontology/OFL/OFLID10721,Subcutaneous adipose tissue of back of right upper limb,https://purl.bioontology.org/ontology/OFL/OFLID10414,Subcutaneous adipose tissue of subdivision of cardinal body part,http://purl.obolibrary.org/obo/FMA_74315
https://purl.bioontology.org/ontology/OFL/OFLID10722,Subcutaneous adipose tissue of nose,https://purl.bioontology.org/ontology/OFL/OFLID10414,Subcutaneous adipose tissue of subdivision of cardinal body part,http://purl.obolibrary.org/obo/FMA_74315
https://purl.bioontology.org/ontology/OFL/OFLID10723,Subcutaneous adipose tissue of right side of upper lip,https://purl.bioontology.org/ontology/OFL/OFLID10414,Subcutaneous adipose tissue of subdivision of cardinal body part,http://purl.obolibrary.org/obo/FMA_74315
https://purl.bioontology.org/ontology/OFL/OFLID10724,Subcutaneous adipose tissue of shoulder,https://purl.bioontology.org/ontology/OFL/OFLID10414,Subcutaneous adipose tissue of subdivision of cardinal body part,http://purl.obolibrary.org/obo/FMA_74315
https://purl.bioontology.org/ontology/OFL/OFLID10725,Subcutaneous adipose tissue of anterior part proper of right knee,https://purl.bioontology.org/ontology/OFL/OFLID10414,Subcutaneous adipose tissue of subdivision of cardinal body part,http://purl.obolibrary.org/obo/FMA_74315
https://purl.bioontology.org/ontology/OFL/OFLID10726,Subcutaneous adipose tissue of anterior part proper of left knee,https://purl.bioontology.org/ontology/OFL/OFLID10414,Subcutaneous adipose tissue of subdivision of cardinal body part,http://purl.obolibrary.org/obo/FMA_74315
https://purl.bioontology.org/ontology/OFL/OFLID10727,Subcutaneous adipose tissue of male superficial chest wall,https://purl.bioontology.org/ontology/OFL/OFLID10414,Subcutaneous adipose tissue of subdivision of cardinal body part,http://purl.obolibrary.org/obo/FMA_74315
https://purl.bioontology.org/ontology/OFL/OFLID10728,Subcutaneous adipose tissue of superficial chest wall,https://purl.bioontology.org/ontology/OFL/OFLID10414,Subcutaneous adipose tissue of subdivision of cardinal body part,http://purl.obolibrary.org/obo/FMA_74315
https://purl.bioontology.org/ontology/OFL/OFLID10729,Subcutaneous adipose tissue of female superficial chest wall,https://purl.bioontology.org/ontology/OFL/OFLID10414,Subcutaneous adipose tissue of subdivision of cardinal body part,http://purl.obolibrary.org/obo/FMA_74315
https://purl.bioontology.org/ontology/OFL/OFLID10730,Subcutaneous adipose tissue of lateral part of cheek,https://purl.bioontology.org/ontology/OFL/OFLID10414,Subcutaneous adipose tissue of subdivision of cardinal body part,http://purl.obolibrary.org/obo/FMA_74315
https://purl.bioontology.org/ontology/OFL/OFLID10731,Subcutaneous adipose tissue of anterior part of left leg,https://purl.bioontology.org/ontology/OFL/OFLID10414,Subcutaneous adipose tissue of subdivision of cardinal body part,http://purl.obolibrary.org/obo/FMA_74315
https://purl.bioontology.org/ontology/OFL/OFLID10732,Subcutaneous adipose tissue of anterior part of leg,https://purl.bioontology.org/ontology/OFL/OFLID10414,Subcutaneous adipose tissue of subdivision of cardinal body part,http://purl.obolibrary.org/obo/FMA_74315
https://purl.bioontology.org/ontology/OFL/OFLID10733,Subcutaneous adipose tissue of anterior part of right leg,https://purl.bioontology.org/ontology/OFL/OFLID10414,Subcutaneous adipose tissue of subdivision of cardinal body part,http://purl.obolibrary.org/obo/FMA_74315
https://purl.bioontology.org/ontology/OFL/OFLID10734,Subcutaneous adipose tissue of left wrist,https://purl.bioontology.org/ontology/OFL/OFLID10414,Subcutaneous adipose tissue of subdivision of cardinal body part,http://purl.obolibrary.org/obo/FMA_74315
https://purl.bioontology.org/ontology/OFL/OFLID10735,Subcutaneous adipose tissue of wrist,https://purl.bioontology.org/ontology/OFL/OFLID10414,Subcutaneous adipose tissue of subdivision of cardinal body part,http://purl.obolibrary.org/obo/FMA_74315
https://purl.bioontology.org/ontology/OFL/OFLID10736,Subcutaneous adipose tissue of right wrist,https://purl.bioontology.org/ontology/OFL/OFLID10414,Subcutaneous adipose tissue of subdivision of cardinal body part,http://purl.obolibrary.org/obo/FMA_74315
https://purl.bioontology.org/ontology/OFL/OFLID10737,Subcutaneous adipose tissue of umbilicus,https://purl.bioontology.org/ontology/OFL/OFLID10414,Subcutaneous adipose tissue of subdivision of cardinal body part,http://purl.obolibrary.org/obo/FMA_74315
https://purl.bioontology.org/ontology/OFL/OFLID10738,Subcutaneous adipose tissue of left pectoral girdle,https://purl.bioontology.org/ontology/OFL/OFLID10414,Subcutaneous adipose tissue of subdivision of cardinal body part,http://purl.obolibrary.org/obo/FMA_74315
https://purl.bioontology.org/ontology/OFL/OFLID10739,Subcutaneous adipose tissue of pectoral girdle,https://purl.bioontology.org/ontology/OFL/OFLID10414,Subcutaneous adipose tissue of subdivision of cardinal body part,http://purl.obolibrary.org/obo/FMA_74315
https://purl.bioontology.org/ontology/OFL/OFLID10740,Subcutaneous adipose tissue of right pectoral girdle,https://purl.bioontology.org/ontology/OFL/OFLID10414,Subcutaneous adipose tissue of subdivision of cardinal body part,http://purl.obolibrary.org/obo/FMA_74315
https://purl.bioontology.org/ontology/OFL/OFLID10741,Subcutaneous adipose tissue of index finger,https://purl.bioontology.org/ontology/OFL/OFLID10414,Subcutaneous adipose tissue of subdivision of cardinal body part,http://purl.obolibrary.org/obo/FMA_74315
https://purl.bioontology.org/ontology/OFL/OFLID10742,Subcutaneous adipose tissue of acromial part of right pectoral girdle,https://purl.bioontology.org/ontology/OFL/OFLID10414,Subcutaneous adipose tissue of subdivision of cardinal body part,http://purl.obolibrary.org/obo/FMA_74315
https://purl.bioontology.org/ontology/OFL/OFLID10743,Subcutaneous adipose tissue of acromial part of pectoral girdle,https://purl.bioontology.org/ontology/OFL/OFLID10414,Subcutaneous adipose tissue of subdivision of cardinal body part,http://purl.obolibrary.org/obo/FMA_74315
https://purl.bioontology.org/ontology/OFL/OFLID10744,Subcutaneous adipose tissue of acromial part of left pectoral girdle,https://purl.bioontology.org/ontology/OFL/OFLID10414,Subcutaneous adipose tissue of subdivision of cardinal body part,http://purl.obolibrary.org/obo/FMA_74315
https://purl.bioontology.org/ontology/OFL/OFLID10745,Subcutaneous adipose tissue of right second toe,https://purl.bioontology.org/ontology/OFL/OFLID10414,Subcutaneous adipose tissue of subdivision of cardinal body part,http://purl.obolibrary.org/obo/FMA_74315
https://purl.bioontology.org/ontology/OFL/OFLID10746,Subcutaneous adipose tissue of second toe,https://purl.bioontology.org/ontology/OFL/OFLID10414,Subcutaneous adipose tissue of subdivision of cardinal body part,http://purl.obolibrary.org/obo/FMA_74315
https://purl.bioontology.org/ontology/OFL/OFLID10747,Subcutaneous adipose tissue of left second toe,https://purl.bioontology.org/ontology/OFL/OFLID10414,Subcutaneous adipose tissue of subdivision of cardinal body part,http://purl.obolibrary.org/obo/FMA_74315
https://purl.bioontology.org/ontology/OFL/OFLID10748,Subcutaneous adipose tissue of pelvis,https://purl.bioontology.org/ontology/OFL/OFLID10414,Subcutaneous adipose tissue of subdivision of cardinal body part,http://purl.obolibrary.org/obo/FMA_74315
https://purl.bioontology.org/ontology/OFL/OFLID10749,Subcutaneous adipose tissue of proximal segment of left wrist,https://purl.bioontology.org/ontology/OFL/OFLID10414,Subcutaneous adipose tissue of subdivision of cardinal body part,http://purl.obolibrary.org/obo/FMA_74315
https://purl.bioontology.org/ontology/OFL/OFLID10750,Subcutaneous adipose tissue of proximal segment of wrist,https://purl.bioontology.org/ontology/OFL/OFLID10414,Subcutaneous adipose tissue of subdivision of cardinal body part,http://purl.obolibrary.org/obo/FMA_74315
https://purl.bioontology.org/ontology/OFL/OFLID10751,Subcutaneous adipose tissue of proximal segment of right wrist,https://purl.bioontology.org/ontology/OFL/OFLID10414,Subcutaneous adipose tissue of subdivision of cardinal body part,http://purl.obolibrary.org/obo/FMA_74315
https://purl.bioontology.org/ontology/OFL/OFLID10752,Subcutaneous adipose tissue of lower outer quadrant of right female breast,https://purl.bioontology.org/ontology/OFL/OFLID10414,Subcutaneous adipose tissue of subdivision of cardinal body part,http://purl.obolibrary.org/obo/FMA_74315
https://purl.bioontology.org/ontology/OFL/OFLID10753,Subcutaneous adipose tissue of lower outer quadrant of breast,https://purl.bioontology.org/ontology/OFL/OFLID10414,Subcutaneous adipose tissue of subdivision of cardinal body part,http://purl.obolibrary.org/obo/FMA_74315
https://purl.bioontology.org/ontology/OFL/OFLID10754,Subcutaneous adipose tissue of lower outer quadrant of left female breast,https://purl.bioontology.org/ontology/OFL/OFLID10414,Subcutaneous adipose tissue of subdivision of cardinal body part,http://purl.obolibrary.org/obo/FMA_74315
https://purl.bioontology.org/ontology/OFL/OFLID10755,Subcutaneous adipose tissue of segment of posterior part of elbow,https://purl.bioontology.org/ontology/OFL/OFLID10414,Subcutaneous adipose tissue of subdivision of cardinal body part,http://purl.obolibrary.org/obo/FMA_74315
https://purl.bioontology.org/ontology/OFL/OFLID10756,Subcutaneous adipose tissue of palmar part of right thumb,https://purl.bioontology.org/ontology/OFL/OFLID10414,Subcutaneous adipose tissue of subdivision of cardinal body part,http://purl.obolibrary.org/obo/FMA_74315
https://purl.bioontology.org/ontology/OFL/OFLID10757,Subcutaneous adipose tissue of palmar part of thumb,https://purl.bioontology.org/ontology/OFL/OFLID10414,Subcutaneous adipose tissue of subdivision of cardinal body part,http://purl.obolibrary.org/obo/FMA_74315
https://purl.bioontology.org/ontology/OFL/OFLID10758,Subcutaneous adipose tissue of palmar part of left thumb,https://purl.bioontology.org/ontology/OFL/OFLID10414,Subcutaneous adipose tissue of subdivision of cardinal body part,http://purl.obolibrary.org/obo/FMA_74315
https://purl.bioontology.org/ontology/OFL/OFLID10759,Subcutaneous adipose tissue of lateral part of left thigh,https://purl.bioontology.org/ontology/OFL/OFLID10414,Subcutaneous adipose tissue of subdivision of cardinal body part,http://purl.obolibrary.org/obo/FMA_74315
https://purl.bioontology.org/ontology/OFL/OFLID10760,Subcutaneous adipose tissue of lateral part of right thigh,https://purl.bioontology.org/ontology/OFL/OFLID10414,Subcutaneous adipose tissue of subdivision of cardinal body part,http://purl.obolibrary.org/obo/FMA_74315
https://purl.bioontology.org/ontology/OFL/OFLID10761,Subcutaneous adipose tissue of abdominal segment of trunk,https://purl.bioontology.org/ontology/OFL/OFLID10414,Subcutaneous adipose tissue of subdivision of cardinal body part,http://purl.obolibrary.org/obo/FMA_74315
https://purl.bioontology.org/ontology/OFL/OFLID10762,Subcutaneous adipose tissue of right ear,https://purl.bioontology.org/ontology/OFL/OFLID10414,Subcutaneous adipose tissue of subdivision of cardinal body part,http://purl.obolibrary.org/obo/FMA_74315
https://purl.bioontology.org/ontology/OFL/OFLID10763,Subcutaneous adipose tissue of ear,https://purl.bioontology.org/ontology/OFL/OFLID10414,Subcutaneous adipose tissue of subdivision of cardinal body part,http://purl.obolibrary.org/obo/FMA_74315
https://purl.bioontology.org/ontology/OFL/OFLID10764,Subcutaneous adipose tissue of left ear,https://purl.bioontology.org/ontology/OFL/OFLID10414,Subcutaneous adipose tissue of subdivision of cardinal body part,http://purl.obolibrary.org/obo/FMA_74315
https://purl.bioontology.org/ontology/OFL/OFLID10765,Subcutaneous adipose tissue of left lower hemithorax,https://purl.bioontology.org/ontology/OFL/OFLID10414,Subcutaneous adipose tissue of subdivision of cardinal body part,http://purl.obolibrary.org/obo/FMA_74315
https://purl.bioontology.org/ontology/OFL/OFLID10766,Subcutaneous adipose tissue of lower hemithorax,https://purl.bioontology.org/ontology/OFL/OFLID10414,Subcutaneous adipose tissue of subdivision of cardinal body part,http://purl.obolibrary.org/obo/FMA_74315
https://purl.bioontology.org/ontology/OFL/OFLID10767,Subcutaneous adipose tissue of right lower hemithorax,https://purl.bioontology.org/ontology/OFL/OFLID10414,Subcutaneous adipose tissue of subdivision of cardinal body part,http://purl.obolibrary.org/obo/FMA_74315
https://purl.bioontology.org/ontology/OFL/OFLID10768,Subcutaneous adipose tissue of anterior part of right knee,https://purl.bioontology.org/ontology/OFL/OFLID10414,Subcutaneous adipose tissue of subdivision of cardinal body part,http://purl.obolibrary.org/obo/FMA_74315
https://purl.bioontology.org/ontology/OFL/OFLID10769,Subcutaneous adipose tissue of anterior part of knee,https://purl.bioontology.org/ontology/OFL/OFLID10414,Subcutaneous adipose tissue of subdivision of cardinal body part,http://purl.obolibrary.org/obo/FMA_74315
https://purl.bioontology.org/ontology/OFL/OFLID10770,Subcutaneous adipose tissue of anterior part of left knee,https://purl.bioontology.org/ontology/OFL/OFLID10414,Subcutaneous adipose tissue of subdivision of cardinal body part,http://purl.obolibrary.org/obo/FMA_74315
https://purl.bioontology.org/ontology/OFL/OFLID10771,Subcutaneous adipose tissue of left side of female chest,https://purl.bioontology.org/ontology/OFL/OFLID10414,Subcutaneous adipose tissue of subdivision of cardinal body part,http://purl.obolibrary.org/obo/FMA_74315
https://purl.bioontology.org/ontology/OFL/OFLID10772,Subcutaneous adipose tissue of left side of male chest,https://purl.bioontology.org/ontology/OFL/OFLID10414,Subcutaneous adipose tissue of subdivision of cardinal body part,http://purl.obolibrary.org/obo/FMA_74315
https://purl.bioontology.org/ontology/OFL/OFLID10773,Subcutaneous adipose tissue of left foot,https://purl.bioontology.org/ontology/OFL/OFLID10414,Subcutaneous adipose tissue of subdivision of cardinal body part,http://purl.obolibrary.org/obo/FMA_74315
https://purl.bioontology.org/ontology/OFL/OFLID10774,Subcutaneous adipose tissue of foot,https://purl.bioontology.org/ontology/OFL/OFLID10414,Subcutaneous adipose tissue of subdivision of cardinal body part,http://purl.obolibrary.org/obo/FMA_74315
https://purl.bioontology.org/ontology/OFL/OFLID10775,Subcutaneous adipose tissue of right foot,https://purl.bioontology.org/ontology/OFL/OFLID10414,Subcutaneous adipose tissue of subdivision of cardinal body part,http://purl.obolibrary.org/obo/FMA_74315
https://purl.bioontology.org/ontology/OFL/OFLID10776,Subcutaneous adipose tissue of arm,https://purl.bioontology.org/ontology/OFL/OFLID10414,Subcutaneous adipose tissue of subdivision of cardinal body part,http://purl.obolibrary.org/obo/FMA_74315
https://purl.bioontology.org/ontology/OFL/OFLID10777,Subcutaneous adipose tissue of proximal free limb segment,https://purl.bioontology.org/ontology/OFL/OFLID10414,Subcutaneous adipose tissue of subdivision of cardinal body part,http://purl.obolibrary.org/obo/FMA_74315
https://purl.bioontology.org/ontology/OFL/OFLID10778,Subcutaneous adipose tissue of metacarpal part of right hand,https://purl.bioontology.org/ontology/OFL/OFLID10414,Subcutaneous adipose tissue of subdivision of cardinal body part,http://purl.obolibrary.org/obo/FMA_74315
https://purl.bioontology.org/ontology/OFL/OFLID10779,Subcutaneous adipose tissue of metacarpal part of left hand,https://purl.bioontology.org/ontology/OFL/OFLID10414,Subcutaneous adipose tissue of subdivision of cardinal body part,http://purl.obolibrary.org/obo/FMA_74315
https://purl.bioontology.org/ontology/OFL/OFLID10780,Subcutaneous adipose tissue of right temporal part of head,https://purl.bioontology.org/ontology/OFL/OFLID10414,Subcutaneous adipose tissue of subdivision of cardinal body part,http://purl.obolibrary.org/obo/FMA_74315
https://purl.bioontology.org/ontology/OFL/OFLID10781,Subcutaneous adipose tissue of temporal part of head,https://purl.bioontology.org/ontology/OFL/OFLID10414,Subcutaneous adipose tissue of subdivision of cardinal body part,http://purl.obolibrary.org/obo/FMA_74315
https://purl.bioontology.org/ontology/OFL/OFLID10782,Subcutaneous adipose tissue of left temporal part of head,https://purl.bioontology.org/ontology/OFL/OFLID10414,Subcutaneous adipose tissue of subdivision of cardinal body part,http://purl.obolibrary.org/obo/FMA_74315
https://purl.bioontology.org/ontology/OFL/OFLID10783,Subcutaneous adipose tissue of right lumbar part of abdomen,https://purl.bioontology.org/ontology/OFL/OFLID10414,Subcutaneous adipose tissue of subdivision of cardinal body part,http://purl.obolibrary.org/obo/FMA_74315
https://purl.bioontology.org/ontology/OFL/OFLID10784,Subcutaneous adipose tissue of lumbar part of abdomen,https://purl.bioontology.org/ontology/OFL/OFLID10414,Subcutaneous adipose tissue of subdivision of cardinal body part,http://purl.obolibrary.org/obo/FMA_74315
https://purl.bioontology.org/ontology/OFL/OFLID10785,Subcutaneous adipose tissue of left lumbar part of abdomen,https://purl.bioontology.org/ontology/OFL/OFLID10414,Subcutaneous adipose tissue of subdivision of cardinal body part,http://purl.obolibrary.org/obo/FMA_74315
https://purl.bioontology.org/ontology/OFL/OFLID10786,Subcutaneous adipose tissue of palmar part of right little finger,https://purl.bioontology.org/ontology/OFL/OFLID10414,Subcutaneous adipose tissue of subdivision of cardinal body part,http://purl.obolibrary.org/obo/FMA_74315
https://purl.bioontology.org/ontology/OFL/OFLID10787,Subcutaneous adipose tissue of palmar part of left little finger,https://purl.bioontology.org/ontology/OFL/OFLID10414,Subcutaneous adipose tissue of subdivision of cardinal body part,http://purl.obolibrary.org/obo/FMA_74315
https://purl.bioontology.org/ontology/OFL/OFLID10788,Subcutaneous adipose tissue of medial malleolar part of ankle,https://purl.bioontology.org/ontology/OFL/OFLID10414,Subcutaneous adipose tissue of subdivision of cardinal body part,http://purl.obolibrary.org/obo/FMA_74315
https://purl.bioontology.org/ontology/OFL/OFLID10789,Subcutaneous adipose tissue of medial part of left thigh,https://purl.bioontology.org/ontology/OFL/OFLID10414,Subcutaneous adipose tissue of subdivision of cardinal body part,http://purl.obolibrary.org/obo/FMA_74315
https://purl.bioontology.org/ontology/OFL/OFLID10790,Subcutaneous adipose tissue of medial part of thigh,https://purl.bioontology.org/ontology/OFL/OFLID10414,Subcutaneous adipose tissue of subdivision of cardinal body part,http://purl.obolibrary.org/obo/FMA_74315
https://purl.bioontology.org/ontology/OFL/OFLID10791,Subcutaneous adipose tissue of medial part of right thigh,https://purl.bioontology.org/ontology/OFL/OFLID10414,Subcutaneous adipose tissue of subdivision of cardinal body part,http://purl.obolibrary.org/obo/FMA_74315
https://purl.bioontology.org/ontology/OFL/OFLID10792,Subcutaneous adipose tissue of anterior superficial chest wall,https://purl.bioontology.org/ontology/OFL/OFLID10414,Subcutaneous adipose tissue of subdivision of cardinal body part,http://purl.obolibrary.org/obo/FMA_74315
https://purl.bioontology.org/ontology/OFL/OFLID10793,Subcutaneous adipose tissue of limb girdle,https://purl.bioontology.org/ontology/OFL/OFLID10414,Subcutaneous adipose tissue of subdivision of cardinal body part,http://purl.obolibrary.org/obo/FMA_74315
https://purl.bioontology.org/ontology/OFL/OFLID10794,Subcutaneous adipose tissue of medial part of right leg,https://purl.bioontology.org/ontology/OFL/OFLID10414,Subcutaneous adipose tissue of subdivision of cardinal body part,http://purl.obolibrary.org/obo/FMA_74315
https://purl.bioontology.org/ontology/OFL/OFLID10795,Subcutaneous adipose tissue of medial part of leg,https://purl.bioontology.org/ontology/OFL/OFLID10414,Subcutaneous adipose tissue of subdivision of cardinal body part,http://purl.obolibrary.org/obo/FMA_74315
https://purl.bioontology.org/ontology/OFL/OFLID10796,Subcutaneous adipose tissue of medial part of left leg,https://purl.bioontology.org/ontology/OFL/OFLID10414,Subcutaneous adipose tissue of subdivision of cardinal body part,http://purl.obolibrary.org/obo/FMA_74315
https://purl.bioontology.org/ontology/OFL/OFLID10797,Subcutaneous adipose tissue of lateral part of lower lip,https://purl.bioontology.org/ontology/OFL/OFLID10414,Subcutaneous adipose tissue of subdivision of cardinal body part,http://purl.obolibrary.org/obo/FMA_74315
https://purl.bioontology.org/ontology/OFL/OFLID10798,Subcutaneous adipose tissue of pre-auricular part of cheek,https://purl.bioontology.org/ontology/OFL/OFLID10414,Subcutaneous adipose tissue of subdivision of cardinal body part,http://purl.obolibrary.org/obo/FMA_74315
https://purl.bioontology.org/ontology/OFL/OFLID10799,Subcutaneous adipose tissue of female chest wall,https://purl.bioontology.org/ontology/OFL/OFLID10414,Subcutaneous adipose tissue of subdivision of cardinal body part,http://purl.obolibrary.org/obo/FMA_74315
https://purl.bioontology.org/ontology/OFL/OFLID10800,Subcutaneous adipose tissue of male chest wall,https://purl.bioontology.org/ontology/OFL/OFLID10414,Subcutaneous adipose tissue of subdivision of cardinal body part,http://purl.obolibrary.org/obo/FMA_74315
https://purl.bioontology.org/ontology/OFL/OFLID10801,Subcutaneous adipose tissue of lateral lumbar region of abdomen,https://purl.bioontology.org/ontology/OFL/OFLID10414,Subcutaneous adipose tissue of subdivision of cardinal body part,http://purl.obolibrary.org/obo/FMA_74315
https://purl.bioontology.org/ontology/OFL/OFLID10802,Subcutaneous adipose tissue of columella,https://purl.bioontology.org/ontology/OFL/OFLID10414,Subcutaneous adipose tissue of subdivision of cardinal body part,http://purl.obolibrary.org/obo/FMA_74315
https://purl.bioontology.org/ontology/OFL/OFLID10803,Subcutaneous adipose tissue of dorsal part of right middle finger,https://purl.bioontology.org/ontology/OFL/OFLID10414,Subcutaneous adipose tissue of subdivision of cardinal body part,http://purl.obolibrary.org/obo/FMA_74315
https://purl.bioontology.org/ontology/OFL/OFLID10804,Subcutaneous adipose tissue of dorsal part of left middle finger,https://purl.bioontology.org/ontology/OFL/OFLID10414,Subcutaneous adipose tissue of subdivision of cardinal body part,http://purl.obolibrary.org/obo/FMA_74315
https://purl.bioontology.org/ontology/OFL/OFLID10805,Subcutaneous adipose tissue of right pectoral part of chest,https://purl.bioontology.org/ontology/OFL/OFLID10414,Subcutaneous adipose tissue of subdivision of cardinal body part,http://purl.obolibrary.org/obo/FMA_74315
https://purl.bioontology.org/ontology/OFL/OFLID10806,Subcutaneous adipose tissue of middle free limb segment,https://purl.bioontology.org/ontology/OFL/OFLID10414,Subcutaneous adipose tissue of subdivision of cardinal body part,http://purl.obolibrary.org/obo/FMA_74315
https://purl.bioontology.org/ontology/OFL/OFLID10807,Subcutaneous adipose tissue of right mandibular part proper of mouth,https://purl.bioontology.org/ontology/OFL/OFLID10414,Subcutaneous adipose tissue of subdivision of cardinal body part,http://purl.obolibrary.org/obo/FMA_74315
https://purl.bioontology.org/ontology/OFL/OFLID10808,Subcutaneous adipose tissue of mandibular part proper of mouth,https://purl.bioontology.org/ontology/OFL/OFLID10414,Subcutaneous adipose tissue of subdivision of cardinal body part,http://purl.obolibrary.org/obo/FMA_74315
https://purl.bioontology.org/ontology/OFL/OFLID10809,Subcutaneous adipose tissue of left mandibular part proper of mouth,https://purl.bioontology.org/ontology/OFL/OFLID10414,Subcutaneous adipose tissue of subdivision of cardinal body part,http://purl.obolibrary.org/obo/FMA_74315
https://purl.bioontology.org/ontology/OFL/OFLID10810,Subcutaneous adipose tissue of lateral part of right index finger,https://purl.bioontology.org/ontology/OFL/OFLID10414,Subcutaneous adipose tissue of subdivision of cardinal body part,http://purl.obolibrary.org/obo/FMA_74315
https://purl.bioontology.org/ontology/OFL/OFLID10811,Subcutaneous adipose tissue of lateral part of index finger,https://purl.bioontology.org/ontology/OFL/OFLID10414,Subcutaneous adipose tissue of subdivision of cardinal body part,http://purl.obolibrary.org/obo/FMA_74315
https://purl.bioontology.org/ontology/OFL/OFLID10812,Subcutaneous adipose tissue of lateral part of left index finger,https://purl.bioontology.org/ontology/OFL/OFLID10414,Subcutaneous adipose tissue of subdivision of cardinal body part,http://purl.obolibrary.org/obo/FMA_74315
https://purl.bioontology.org/ontology/OFL/OFLID10813,Subcutaneous adipose tissue of little finger,https://purl.bioontology.org/ontology/OFL/OFLID10414,Subcutaneous adipose tissue of subdivision of cardinal body part,http://purl.obolibrary.org/obo/FMA_74315
https://purl.bioontology.org/ontology/OFL/OFLID10814,Subcutaneous adipose tissue of posterior part of left forearm,https://purl.bioontology.org/ontology/OFL/OFLID10414,Subcutaneous adipose tissue of subdivision of cardinal body part,http://purl.obolibrary.org/obo/FMA_74315
https://purl.bioontology.org/ontology/OFL/OFLID10815,Subcutaneous adipose tissue of posterior part of right forearm,https://purl.bioontology.org/ontology/OFL/OFLID10414,Subcutaneous adipose tissue of subdivision of cardinal body part,http://purl.obolibrary.org/obo/FMA_74315
https://purl.bioontology.org/ontology/OFL/OFLID10816,Subcutaneous adipose tissue of medial part of little finger,https://purl.bioontology.org/ontology/OFL/OFLID10414,Subcutaneous adipose tissue of subdivision of cardinal body part,http://purl.obolibrary.org/obo/FMA_74315
https://purl.bioontology.org/ontology/OFL/OFLID10817,Subcutaneous adipose tissue of right lower eyelid,https://purl.bioontology.org/ontology/OFL/OFLID10414,Subcutaneous adipose tissue of subdivision of cardinal body part,http://purl.obolibrary.org/obo/FMA_74315
https://purl.bioontology.org/ontology/OFL/OFLID10818,Subcutaneous adipose tissue of left lower eyelid,https://purl.bioontology.org/ontology/OFL/OFLID10414,Subcutaneous adipose tissue of subdivision of cardinal body part,http://purl.obolibrary.org/obo/FMA_74315
https://purl.bioontology.org/ontology/OFL/OFLID10819,Subcutaneous adipose tissue of anterolateral part of neck,https://purl.bioontology.org/ontology/OFL/OFLID10414,Subcutaneous adipose tissue of subdivision of cardinal body part,http://purl.obolibrary.org/obo/FMA_74315
https://purl.bioontology.org/ontology/OFL/OFLID10820,Subcutaneous adipose tissue of left upper eyelid,https://purl.bioontology.org/ontology/OFL/OFLID10414,Subcutaneous adipose tissue of subdivision of cardinal body part,http://purl.obolibrary.org/obo/FMA_74315
https://purl.bioontology.org/ontology/OFL/OFLID10821,Subcutaneous adipose tissue of right upper eyelid,https://purl.bioontology.org/ontology/OFL/OFLID10414,Subcutaneous adipose tissue of subdivision of cardinal body part,http://purl.obolibrary.org/obo/FMA_74315
https://purl.bioontology.org/ontology/OFL/OFLID10822,Subcutaneous adipose tissue of preputial sac,https://purl.bioontology.org/ontology/OFL/OFLID10414,Subcutaneous adipose tissue of subdivision of cardinal body part,http://purl.obolibrary.org/obo/FMA_74315
https://purl.bioontology.org/ontology/OFL/OFLID10823,Subcutaneous adipose tissue of lateral superficial chest wall,https://purl.bioontology.org/ontology/OFL/OFLID10414,Subcutaneous adipose tissue of subdivision of cardinal body part,http://purl.obolibrary.org/obo/FMA_74315
https://purl.bioontology.org/ontology/OFL/OFLID10824,Subcutaneous adipose tissue of left side of face,https://purl.bioontology.org/ontology/OFL/OFLID10414,Subcutaneous adipose tissue of subdivision of cardinal body part,http://purl.obolibrary.org/obo/FMA_74315
https://purl.bioontology.org/ontology/OFL/OFLID10825,Subcutaneous adipose tissue of male trunk proper,https://purl.bioontology.org/ontology/OFL/OFLID10414,Subcutaneous adipose tissue of subdivision of cardinal body part,http://purl.obolibrary.org/obo/FMA_74315
https://purl.bioontology.org/ontology/OFL/OFLID10826,Subcutaneous adipose tissue of female trunk proper,https://purl.bioontology.org/ontology/OFL/OFLID10414,Subcutaneous adipose tissue of subdivision of cardinal body part,http://purl.obolibrary.org/obo/FMA_74315
https://purl.bioontology.org/ontology/OFL/OFLID10827,Subcutaneous adipose tissue of left external ear,https://purl.bioontology.org/ontology/OFL/OFLID10414,Subcutaneous adipose tissue of subdivision of cardinal body part,http://purl.obolibrary.org/obo/FMA_74315
https://purl.bioontology.org/ontology/OFL/OFLID10828,Subcutaneous adipose tissue of right external ear,https://purl.bioontology.org/ontology/OFL/OFLID10414,Subcutaneous adipose tissue of subdivision of cardinal body part,http://purl.obolibrary.org/obo/FMA_74315
https://purl.bioontology.org/ontology/OFL/OFLID10829,Subcutaneous adipose tissue of right little finger,https://purl.bioontology.org/ontology/OFL/OFLID10414,Subcutaneous adipose tissue of subdivision of cardinal body part,http://purl.obolibrary.org/obo/FMA_74315
https://purl.bioontology.org/ontology/OFL/OFLID10830,Subcutaneous adipose tissue of left little finger,https://purl.bioontology.org/ontology/OFL/OFLID10414,Subcutaneous adipose tissue of subdivision of cardinal body part,http://purl.obolibrary.org/obo/FMA_74315
https://purl.bioontology.org/ontology/OFL/OFLID10831,Subcutaneous adipose tissue of upper trunk,https://purl.bioontology.org/ontology/OFL/OFLID10414,Subcutaneous adipose tissue of subdivision of cardinal body part,http://purl.obolibrary.org/obo/FMA_74315
https://purl.bioontology.org/ontology/OFL/OFLID10832,Subcutaneous adipose tissue of left lower quadrant of abdomen,https://purl.bioontology.org/ontology/OFL/OFLID10414,Subcutaneous adipose tissue of subdivision of cardinal body part,http://purl.obolibrary.org/obo/FMA_74315
https://purl.bioontology.org/ontology/OFL/OFLID10833,Subcutaneous adipose tissue of lower quadrant of abdomen,https://purl.bioontology.org/ontology/OFL/OFLID10414,Subcutaneous adipose tissue of subdivision of cardinal body part,http://purl.obolibrary.org/obo/FMA_74315
https://purl.bioontology.org/ontology/OFL/OFLID10834,Subcutaneous adipose tissue of right lower quadrant of abdomen,https://purl.bioontology.org/ontology/OFL/OFLID10414,Subcutaneous adipose tissue of subdivision of cardinal body part,http://purl.obolibrary.org/obo/FMA_74315
https://purl.bioontology.org/ontology/OFL/OFLID10835,Subcutaneous adipose tissue of fourth toe,https://purl.bioontology.org/ontology/OFL/OFLID10414,Subcutaneous adipose tissue of subdivision of cardinal body part,http://purl.obolibrary.org/obo/FMA_74315
https://purl.bioontology.org/ontology/OFL/OFLID10836,Subcutaneous adipose tissue of left pectoral part proper of male chest,https://purl.bioontology.org/ontology/OFL/OFLID10414,Subcutaneous adipose tissue of subdivision of cardinal body part,http://purl.obolibrary.org/obo/FMA_74315
https://purl.bioontology.org/ontology/OFL/OFLID10837,Subcutaneous adipose tissue of pectoral part proper of male chest,https://purl.bioontology.org/ontology/OFL/OFLID10414,Subcutaneous adipose tissue of subdivision of cardinal body part,http://purl.obolibrary.org/obo/FMA_74315
https://purl.bioontology.org/ontology/OFL/OFLID10838,Subcutaneous adipose tissue of right pectoral part proper of male chest,https://purl.bioontology.org/ontology/OFL/OFLID10414,Subcutaneous adipose tissue of subdivision of cardinal body part,http://purl.obolibrary.org/obo/FMA_74315
https://purl.bioontology.org/ontology/OFL/OFLID10839,Subcutaneous adipose tissue of left hypochondrium,https://purl.bioontology.org/ontology/OFL/OFLID10414,Subcutaneous adipose tissue of subdivision of cardinal body part,http://purl.obolibrary.org/obo/FMA_74315
https://purl.bioontology.org/ontology/OFL/OFLID10840,Subcutaneous adipose tissue of right hypochondrium,https://purl.bioontology.org/ontology/OFL/OFLID10414,Subcutaneous adipose tissue of subdivision of cardinal body part,http://purl.obolibrary.org/obo/FMA_74315
https://purl.bioontology.org/ontology/OFL/OFLID10841,Subcutaneous adipose tissue of front of body proper,https://purl.bioontology.org/ontology/OFL/OFLID10414,Subcutaneous adipose tissue of subdivision of cardinal body part,http://purl.obolibrary.org/obo/FMA_74315
https://purl.bioontology.org/ontology/OFL/OFLID10842,Subcutaneous adipose tissue of back,https://purl.bioontology.org/ontology/OFL/OFLID10414,Subcutaneous adipose tissue of subdivision of cardinal body part,http://purl.obolibrary.org/obo/FMA_74315
https://purl.bioontology.org/ontology/OFL/OFLID10843,Subcutaneous adipose tissue of left shoulder,https://purl.bioontology.org/ontology/OFL/OFLID10414,Subcutaneous adipose tissue of subdivision of cardinal body part,http://purl.obolibrary.org/obo/FMA_74315
https://purl.bioontology.org/ontology/OFL/OFLID10844,Subcutaneous adipose tissue of right shoulder,https://purl.bioontology.org/ontology/OFL/OFLID10414,Subcutaneous adipose tissue of subdivision of cardinal body part,http://purl.obolibrary.org/obo/FMA_74315
https://purl.bioontology.org/ontology/OFL/OFLID10845,Subcutaneous adipose tissue of third toe,https://purl.bioontology.org/ontology/OFL/OFLID10414,Subcutaneous adipose tissue of subdivision of cardinal body part,http://purl.obolibrary.org/obo/FMA_74315
https://purl.bioontology.org/ontology/OFL/OFLID10846,Subcutaneous adipose tissue of anterior part of arm,https://purl.bioontology.org/ontology/OFL/OFLID10414,Subcutaneous adipose tissue of subdivision of cardinal body part,http://purl.obolibrary.org/obo/FMA_74315
https://purl.bioontology.org/ontology/OFL/OFLID10847,Subcutaneous adipose tissue of front of left upper limb,https://purl.bioontology.org/ontology/OFL/OFLID10414,Subcutaneous adipose tissue of subdivision of cardinal body part,http://purl.obolibrary.org/obo/FMA_74315
https://purl.bioontology.org/ontology/OFL/OFLID10848,Subcutaneous adipose tissue of front of upper limb,https://purl.bioontology.org/ontology/OFL/OFLID10414,Subcutaneous adipose tissue of subdivision of cardinal body part,http://purl.obolibrary.org/obo/FMA_74315
https://purl.bioontology.org/ontology/OFL/OFLID10849,Subcutaneous adipose tissue of front of right upper limb,https://purl.bioontology.org/ontology/OFL/OFLID10414,Subcutaneous adipose tissue of subdivision of cardinal body part,http://purl.obolibrary.org/obo/FMA_74315
https://purl.bioontology.org/ontology/OFL/OFLID10850,Subcutaneous adipose tissue of root of penis,https://purl.bioontology.org/ontology/OFL/OFLID10414,Subcutaneous adipose tissue of subdivision of cardinal body part,http://purl.obolibrary.org/obo/FMA_74315
https://purl.bioontology.org/ontology/OFL/OFLID10851,Subcutaneous adipose tissue of anterior part of left arm,https://purl.bioontology.org/ontology/OFL/OFLID10414,Subcutaneous adipose tissue of subdivision of cardinal body part,http://purl.obolibrary.org/obo/FMA_74315
https://purl.bioontology.org/ontology/OFL/OFLID10852,Subcutaneous adipose tissue of anterior part of right arm,https://purl.bioontology.org/ontology/OFL/OFLID10414,Subcutaneous adipose tissue of subdivision of cardinal body part,http://purl.obolibrary.org/obo/FMA_74315
https://purl.bioontology.org/ontology/OFL/OFLID10853,Subcutaneous adipose tissue of female anterior chest wall,https://purl.bioontology.org/ontology/OFL/OFLID10414,Subcutaneous adipose tissue of subdivision of cardinal body part,http://purl.obolibrary.org/obo/FMA_74315
https://purl.bioontology.org/ontology/OFL/OFLID10854,Subcutaneous adipose tissue of male anterior chest wall,https://purl.bioontology.org/ontology/OFL/OFLID10414,Subcutaneous adipose tissue of subdivision of cardinal body part,http://purl.obolibrary.org/obo/FMA_74315
https://purl.bioontology.org/ontology/OFL/OFLID10855,Subcutaneous adipose tissue of lobule of pinna,https://purl.bioontology.org/ontology/OFL/OFLID10414,Subcutaneous adipose tissue of subdivision of cardinal body part,http://purl.obolibrary.org/obo/FMA_74315
https://purl.bioontology.org/ontology/OFL/OFLID10856,Subcutaneous adipose tissue of right lateral lumbar region of abdomen,https://purl.bioontology.org/ontology/OFL/OFLID10414,Subcutaneous adipose tissue of subdivision of cardinal body part,http://purl.obolibrary.org/obo/FMA_74315
https://purl.bioontology.org/ontology/OFL/OFLID10857,Subcutaneous adipose tissue of left lateral lumbar region of abdomen,https://purl.bioontology.org/ontology/OFL/OFLID10414,Subcutaneous adipose tissue of subdivision of cardinal body part,http://purl.obolibrary.org/obo/FMA_74315
https://purl.bioontology.org/ontology/OFL/OFLID10858,Subcutaneous adipose tissue of dorsal part of left index finger,https://purl.bioontology.org/ontology/OFL/OFLID10414,Subcutaneous adipose tissue of subdivision of cardinal body part,http://purl.obolibrary.org/obo/FMA_74315
https://purl.bioontology.org/ontology/OFL/OFLID10859,Subcutaneous adipose tissue of dorsal part of index finger,https://purl.bioontology.org/ontology/OFL/OFLID10414,Subcutaneous adipose tissue of subdivision of cardinal body part,http://purl.obolibrary.org/obo/FMA_74315
https://purl.bioontology.org/ontology/OFL/OFLID10860,Subcutaneous adipose tissue of dorsal part of right index finger,https://purl.bioontology.org/ontology/OFL/OFLID10414,Subcutaneous adipose tissue of subdivision of cardinal body part,http://purl.obolibrary.org/obo/FMA_74315
https://purl.bioontology.org/ontology/OFL/OFLID10861,Subcutaneous adipose tissue of left pectoral part of male chest,https://purl.bioontology.org/ontology/OFL/OFLID10414,Subcutaneous adipose tissue of subdivision of cardinal body part,http://purl.obolibrary.org/obo/FMA_74315
https://purl.bioontology.org/ontology/OFL/OFLID10862,Subcutaneous adipose tissue of right pectoral part of male chest,https://purl.bioontology.org/ontology/OFL/OFLID10414,Subcutaneous adipose tissue of subdivision of cardinal body part,http://purl.obolibrary.org/obo/FMA_74315
https://purl.bioontology.org/ontology/OFL/OFLID10863,Subcutaneous adipose tissue of medial part of left index finger,https://purl.bioontology.org/ontology/OFL/OFLID10414,Subcutaneous adipose tissue of subdivision of cardinal body part,http://purl.obolibrary.org/obo/FMA_74315
https://purl.bioontology.org/ontology/OFL/OFLID10864,Subcutaneous adipose tissue of medial part of right index finger,https://purl.bioontology.org/ontology/OFL/OFLID10414,Subcutaneous adipose tissue of subdivision of cardinal body part,http://purl.obolibrary.org/obo/FMA_74315
https://purl.bioontology.org/ontology/OFL/OFLID10865,Subcutaneous adipose tissue of breast,https://purl.bioontology.org/ontology/OFL/OFLID10414,Subcutaneous adipose tissue of subdivision of cardinal body part,http://purl.obolibrary.org/obo/FMA_74315
https://purl.bioontology.org/ontology/OFL/OFLID10866,Subcutaneous adipose tissue of angle of mouth,https://purl.bioontology.org/ontology/OFL/OFLID10414,Subcutaneous adipose tissue of subdivision of cardinal body part,http://purl.obolibrary.org/obo/FMA_74315
https://purl.bioontology.org/ontology/OFL/OFLID10867,Subcutaneous adipose tissue of dorsal part of right ring finger,https://purl.bioontology.org/ontology/OFL/OFLID10414,Subcutaneous adipose tissue of subdivision of cardinal body part,http://purl.obolibrary.org/obo/FMA_74315
https://purl.bioontology.org/ontology/OFL/OFLID10868,Subcutaneous adipose tissue of dorsal part of left ring finger,https://purl.bioontology.org/ontology/OFL/OFLID10414,Subcutaneous adipose tissue of subdivision of cardinal body part,http://purl.obolibrary.org/obo/FMA_74315
https://purl.bioontology.org/ontology/OFL/OFLID10869,Subcutaneous adipose tissue of segment of wrist,https://purl.bioontology.org/ontology/OFL/OFLID10414,Subcutaneous adipose tissue of subdivision of cardinal body part,http://purl.obolibrary.org/obo/FMA_74315
https://purl.bioontology.org/ontology/OFL/OFLID10870,Subcutaneous adipose tissue of lateral part of right cheek,https://purl.bioontology.org/ontology/OFL/OFLID10414,Subcutaneous adipose tissue of subdivision of cardinal body part,http://purl.obolibrary.org/obo/FMA_74315
https://purl.bioontology.org/ontology/OFL/OFLID10871,Subcutaneous adipose tissue of lateral part of left cheek,https://purl.bioontology.org/ontology/OFL/OFLID10414,Subcutaneous adipose tissue of subdivision of cardinal body part,http://purl.obolibrary.org/obo/FMA_74315
https://purl.bioontology.org/ontology/OFL/OFLID10872,Subcutaneous adipose tissue of superior part of back of neck,https://purl.bioontology.org/ontology/OFL/OFLID10414,Subcutaneous adipose tissue of subdivision of cardinal body part,http://purl.obolibrary.org/obo/FMA_74315
https://purl.bioontology.org/ontology/OFL/OFLID10873,Subcutaneous adipose tissue of segment of leg,https://purl.bioontology.org/ontology/OFL/OFLID10414,Subcutaneous adipose tissue of subdivision of cardinal body part,http://purl.obolibrary.org/obo/FMA_74315
https://purl.bioontology.org/ontology/OFL/OFLID10874,Subcutaneous adipose tissue of left female breast proper,https://purl.bioontology.org/ontology/OFL/OFLID10414,Subcutaneous adipose tissue of subdivision of cardinal body part,http://purl.obolibrary.org/obo/FMA_74315
https://purl.bioontology.org/ontology/OFL/OFLID10875,Subcutaneous adipose tissue of right female breast proper,https://purl.bioontology.org/ontology/OFL/OFLID10414,Subcutaneous adipose tissue of subdivision of cardinal body part,http://purl.obolibrary.org/obo/FMA_74315
https://purl.bioontology.org/ontology/OFL/OFLID10876,Subcutaneous adipose tissue of left lateral thoracic wall,https://purl.bioontology.org/ontology/OFL/OFLID10414,Subcutaneous adipose tissue of subdivision of cardinal body part,http://purl.obolibrary.org/obo/FMA_74315
https://purl.bioontology.org/ontology/OFL/OFLID10877,Subcutaneous adipose tissue of right lateral thoracic wall,https://purl.bioontology.org/ontology/OFL/OFLID10414,Subcutaneous adipose tissue of subdivision of cardinal body part,http://purl.obolibrary.org/obo/FMA_74315
https://purl.bioontology.org/ontology/OFL/OFLID10878,Subcutaneous adipose tissue of face,https://purl.bioontology.org/ontology/OFL/OFLID10414,Subcutaneous adipose tissue of subdivision of cardinal body part,http://purl.obolibrary.org/obo/FMA_74315
https://purl.bioontology.org/ontology/OFL/OFLID10879,Subcutaneous adipose tissue of right hip,https://purl.bioontology.org/ontology/OFL/OFLID10414,Subcutaneous adipose tissue of subdivision of cardinal body part,http://purl.obolibrary.org/obo/FMA_74315
https://purl.bioontology.org/ontology/OFL/OFLID10880,Subcutaneous adipose tissue of left hip,https://purl.bioontology.org/ontology/OFL/OFLID10414,Subcutaneous adipose tissue of subdivision of cardinal body part,http://purl.obolibrary.org/obo/FMA_74315
https://purl.bioontology.org/ontology/OFL/OFLID10881,Subcutaneous adipose tissue of female body wall,https://purl.bioontology.org/ontology/OFL/OFLID10414,Subcutaneous adipose tissue of subdivision of cardinal body part,http://purl.obolibrary.org/obo/FMA_74315
https://purl.bioontology.org/ontology/OFL/OFLID10882,Subcutaneous adipose tissue of male body wall,https://purl.bioontology.org/ontology/OFL/OFLID10414,Subcutaneous adipose tissue of subdivision of cardinal body part,http://purl.obolibrary.org/obo/FMA_74315
https://purl.bioontology.org/ontology/OFL/OFLID10883,Subcutaneous adipose tissue of medial part of left little finger,https://purl.bioontology.org/ontology/OFL/OFLID10414,Subcutaneous adipose tissue of subdivision of cardinal body part,http://purl.obolibrary.org/obo/FMA_74315
https://purl.bioontology.org/ontology/OFL/OFLID10884,Subcutaneous adipose tissue of medial part of right little finger,https://purl.bioontology.org/ontology/OFL/OFLID10414,Subcutaneous adipose tissue of subdivision of cardinal body part,http://purl.obolibrary.org/obo/FMA_74315
https://purl.bioontology.org/ontology/OFL/OFLID10885,Subcutaneous adipose tissue of back of free upper limb,https://purl.bioontology.org/ontology/OFL/OFLID10414,Subcutaneous adipose tissue of subdivision of cardinal body part,http://purl.obolibrary.org/obo/FMA_74315
https://purl.bioontology.org/ontology/OFL/OFLID10886,Subcutaneous adipose tissue of chin,https://purl.bioontology.org/ontology/OFL/OFLID10414,Subcutaneous adipose tissue of subdivision of cardinal body part,http://purl.obolibrary.org/obo/FMA_74315
https://purl.bioontology.org/ontology/OFL/OFLID10887,Subcutaneous adipose tissue of foot proper,https://purl.bioontology.org/ontology/OFL/OFLID10414,Subcutaneous adipose tissue of subdivision of cardinal body part,http://purl.obolibrary.org/obo/FMA_74315
https://purl.bioontology.org/ontology/OFL/OFLID10888,Subcutaneous adipose tissue of hemithorax,https://purl.bioontology.org/ontology/OFL/OFLID10414,Subcutaneous adipose tissue of subdivision of cardinal body part,http://purl.obolibrary.org/obo/FMA_74315
https://purl.bioontology.org/ontology/OFL/OFLID10889,Subcutaneous adipose tissue of cymba conchae of right pinna,https://purl.bioontology.org/ontology/OFL/OFLID10414,Subcutaneous adipose tissue of subdivision of cardinal body part,http://purl.obolibrary.org/obo/FMA_74315
https://purl.bioontology.org/ontology/OFL/OFLID10890,Subcutaneous adipose tissue of cymba conchae of left pinna,https://purl.bioontology.org/ontology/OFL/OFLID10414,Subcutaneous adipose tissue of subdivision of cardinal body part,http://purl.obolibrary.org/obo/FMA_74315
https://purl.bioontology.org/ontology/OFL/OFLID10891,Subcutaneous adipose tissue of right foot proper,https://purl.bioontology.org/ontology/OFL/OFLID10414,Subcutaneous adipose tissue of subdivision of cardinal body part,http://purl.obolibrary.org/obo/FMA_74315
https://purl.bioontology.org/ontology/OFL/OFLID10892,Subcutaneous adipose tissue of left foot proper,https://purl.bioontology.org/ontology/OFL/OFLID10414,Subcutaneous adipose tissue of subdivision of cardinal body part,http://purl.obolibrary.org/obo/FMA_74315
https://purl.bioontology.org/ontology/OFL/OFLID10893,Subcutaneous adipose tissue of medial part of left forearm,https://purl.bioontology.org/ontology/OFL/OFLID10414,Subcutaneous adipose tissue of subdivision of cardinal body part,http://purl.obolibrary.org/obo/FMA_74315
https://purl.bioontology.org/ontology/OFL/OFLID10894,Subcutaneous adipose tissue of medial part of forearm,https://purl.bioontology.org/ontology/OFL/OFLID10414,Subcutaneous adipose tissue of subdivision of cardinal body part,http://purl.obolibrary.org/obo/FMA_74315
https://purl.bioontology.org/ontology/OFL/OFLID10895,Subcutaneous adipose tissue of medial part of right forearm,https://purl.bioontology.org/ontology/OFL/OFLID10414,Subcutaneous adipose tissue of subdivision of cardinal body part,http://purl.obolibrary.org/obo/FMA_74315
https://purl.bioontology.org/ontology/OFL/OFLID10896,Subcutaneous adipose tissue of left thumb,https://purl.bioontology.org/ontology/OFL/OFLID10414,Subcutaneous adipose tissue of subdivision of cardinal body part,http://purl.obolibrary.org/obo/FMA_74315
https://purl.bioontology.org/ontology/OFL/OFLID10897,Subcutaneous adipose tissue of right thumb,https://purl.bioontology.org/ontology/OFL/OFLID10414,Subcutaneous adipose tissue of subdivision of cardinal body part,http://purl.obolibrary.org/obo/FMA_74315
https://purl.bioontology.org/ontology/OFL/OFLID10898,Subcutaneous adipose tissue of apex of right axilla,https://purl.bioontology.org/ontology/OFL/OFLID10414,Subcutaneous adipose tissue of subdivision of cardinal body part,http://purl.obolibrary.org/obo/FMA_74315
https://purl.bioontology.org/ontology/OFL/OFLID10899,Subcutaneous adipose tissue of apex of axilla,https://purl.bioontology.org/ontology/OFL/OFLID10414,Subcutaneous adipose tissue of subdivision of cardinal body part,http://purl.obolibrary.org/obo/FMA_74315
https://purl.bioontology.org/ontology/OFL/OFLID10900,Subcutaneous adipose tissue of apex of left axilla,https://purl.bioontology.org/ontology/OFL/OFLID10414,Subcutaneous adipose tissue of subdivision of cardinal body part,http://purl.obolibrary.org/obo/FMA_74315
https://purl.bioontology.org/ontology/OFL/OFLID10901,Subcutaneous adipose tissue of right hemithorax,https://purl.bioontology.org/ontology/OFL/OFLID10414,Subcutaneous adipose tissue of subdivision of cardinal body part,http://purl.obolibrary.org/obo/FMA_74315
https://purl.bioontology.org/ontology/OFL/OFLID10902,Subcutaneous adipose tissue of left hemithorax,https://purl.bioontology.org/ontology/OFL/OFLID10414,Subcutaneous adipose tissue of subdivision of cardinal body part,http://purl.obolibrary.org/obo/FMA_74315
https://purl.bioontology.org/ontology/OFL/OFLID10903,Subcutaneous adipose tissue of right ankle,https://purl.bioontology.org/ontology/OFL/OFLID10414,Subcutaneous adipose tissue of subdivision of cardinal body part,http://purl.obolibrary.org/obo/FMA_74315
https://purl.bioontology.org/ontology/OFL/OFLID10904,Subcutaneous adipose tissue of left ankle,https://purl.bioontology.org/ontology/OFL/OFLID10414,Subcutaneous adipose tissue of subdivision of cardinal body part,http://purl.obolibrary.org/obo/FMA_74315
https://purl.bioontology.org/ontology/OFL/OFLID10905,Subcutaneous adipose tissue of right side of male chest,https://purl.bioontology.org/ontology/OFL/OFLID10414,Subcutaneous adipose tissue of subdivision of cardinal body part,http://purl.obolibrary.org/obo/FMA_74315
https://purl.bioontology.org/ontology/OFL/OFLID10906,Subcutaneous adipose tissue of right side of chest,https://purl.bioontology.org/ontology/OFL/OFLID10414,Subcutaneous adipose tissue of subdivision of cardinal body part,http://purl.obolibrary.org/obo/FMA_74315
https://purl.bioontology.org/ontology/OFL/OFLID10907,Subcutaneous adipose tissue of right side of female chest,https://purl.bioontology.org/ontology/OFL/OFLID10414,Subcutaneous adipose tissue of subdivision of cardinal body part,http://purl.obolibrary.org/obo/FMA_74315
https://purl.bioontology.org/ontology/OFL/OFLID10908,Subcutaneous adipose tissue of right lateral part of neck,https://purl.bioontology.org/ontology/OFL/OFLID10414,Subcutaneous adipose tissue of subdivision of cardinal body part,http://purl.obolibrary.org/obo/FMA_74315
https://purl.bioontology.org/ontology/OFL/OFLID10909,Subcutaneous adipose tissue of left lateral part of neck,https://purl.bioontology.org/ontology/OFL/OFLID10414,Subcutaneous adipose tissue of subdivision of cardinal body part,http://purl.obolibrary.org/obo/FMA_74315
https://purl.bioontology.org/ontology/OFL/OFLID10910,Subcutaneous adipose tissue of lateral part of right middle finger,https://purl.bioontology.org/ontology/OFL/OFLID10414,Subcutaneous adipose tissue of subdivision of cardinal body part,http://purl.obolibrary.org/obo/FMA_74315
https://purl.bioontology.org/ontology/OFL/OFLID10911,Subcutaneous adipose tissue of lateral part of middle finger,https://purl.bioontology.org/ontology/OFL/OFLID10414,Subcutaneous adipose tissue of subdivision of cardinal body part,http://purl.obolibrary.org/obo/FMA_74315
https://purl.bioontology.org/ontology/OFL/OFLID10912,Subcutaneous adipose tissue of lateral part of left middle finger,https://purl.bioontology.org/ontology/OFL/OFLID10414,Subcutaneous adipose tissue of subdivision of cardinal body part,http://purl.obolibrary.org/obo/FMA_74315
https://purl.bioontology.org/ontology/OFL/OFLID10913,Subcutaneous adipose tissue of forehead,https://purl.bioontology.org/ontology/OFL/OFLID10414,Subcutaneous adipose tissue of subdivision of cardinal body part,http://purl.obolibrary.org/obo/FMA_74315
https://purl.bioontology.org/ontology/OFL/OFLID10914,Subcutaneous adipose tissue of subdivision of frontal part of head,https://purl.bioontology.org/ontology/OFL/OFLID10414,Subcutaneous adipose tissue of subdivision of cardinal body part,http://purl.obolibrary.org/obo/FMA_74315
https://purl.bioontology.org/ontology/OFL/OFLID10915,Subcutaneous adipose tissue of frontal part proper of head,https://purl.bioontology.org/ontology/OFL/OFLID10414,Subcutaneous adipose tissue of subdivision of cardinal body part,http://purl.obolibrary.org/obo/FMA_74315
https://purl.bioontology.org/ontology/OFL/OFLID10916,Subcutaneous adipose tissue of left big toe,https://purl.bioontology.org/ontology/OFL/OFLID10414,Subcutaneous adipose tissue of subdivision of cardinal body part,http://purl.obolibrary.org/obo/FMA_74315
https://purl.bioontology.org/ontology/OFL/OFLID10917,Subcutaneous adipose tissue of big toe,https://purl.bioontology.org/ontology/OFL/OFLID10414,Subcutaneous adipose tissue of subdivision of cardinal body part,http://purl.obolibrary.org/obo/FMA_74315
https://purl.bioontology.org/ontology/OFL/OFLID10918,Subcutaneous adipose tissue of right big toe,https://purl.bioontology.org/ontology/OFL/OFLID10414,Subcutaneous adipose tissue of subdivision of cardinal body part,http://purl.obolibrary.org/obo/FMA_74315
https://purl.bioontology.org/ontology/OFL/OFLID10919,Subcutaneous adipose tissue of right lateral pectoral region,https://purl.bioontology.org/ontology/OFL/OFLID10414,Subcutaneous adipose tissue of subdivision of cardinal body part,http://purl.obolibrary.org/obo/FMA_74315
https://purl.bioontology.org/ontology/OFL/OFLID10920,Subcutaneous adipose tissue of lateral pectoral region,https://purl.bioontology.org/ontology/OFL/OFLID10414,Subcutaneous adipose tissue of subdivision of cardinal body part,http://purl.obolibrary.org/obo/FMA_74315
https://purl.bioontology.org/ontology/OFL/OFLID10921,Subcutaneous adipose tissue of left lateral pectoral region,https://purl.bioontology.org/ontology/OFL/OFLID10414,Subcutaneous adipose tissue of subdivision of cardinal body part,http://purl.obolibrary.org/obo/FMA_74315
https://purl.bioontology.org/ontology/OFL/OFLID10922,Subcutaneous adipose tissue of deltoid part of pectoral girdle,https://purl.bioontology.org/ontology/OFL/OFLID10414,Subcutaneous adipose tissue of subdivision of cardinal body part,http://purl.obolibrary.org/obo/FMA_74315
https://purl.bioontology.org/ontology/OFL/OFLID10923,Subcutaneous adipose tissue of tubercle of pinna,https://purl.bioontology.org/ontology/OFL/OFLID10414,Subcutaneous adipose tissue of subdivision of cardinal body part,http://purl.obolibrary.org/obo/FMA_74315
https://purl.bioontology.org/ontology/OFL/OFLID10924,Subcutaneous adipose tissue of frontal part of head,https://purl.bioontology.org/ontology/OFL/OFLID10414,Subcutaneous adipose tissue of subdivision of cardinal body part,http://purl.obolibrary.org/obo/FMA_74315
https://purl.bioontology.org/ontology/OFL/OFLID10925,Subcutaneous adipose tissue of dorsal part of left little finger,https://purl.bioontology.org/ontology/OFL/OFLID10414,Subcutaneous adipose tissue of subdivision of cardinal body part,http://purl.obolibrary.org/obo/FMA_74315
https://purl.bioontology.org/ontology/OFL/OFLID10926,Subcutaneous adipose tissue of dorsal part of little finger,https://purl.bioontology.org/ontology/OFL/OFLID10414,Subcutaneous adipose tissue of subdivision of cardinal body part,http://purl.obolibrary.org/obo/FMA_74315
https://purl.bioontology.org/ontology/OFL/OFLID10927,Subcutaneous adipose tissue of dorsal part of right little finger,https://purl.bioontology.org/ontology/OFL/OFLID10414,Subcutaneous adipose tissue of subdivision of cardinal body part,http://purl.obolibrary.org/obo/FMA_74315
https://purl.bioontology.org/ontology/OFL/OFLID10928,Subcutaneous adipose tissue of left supra-auricular part of head,https://purl.bioontology.org/ontology/OFL/OFLID10414,Subcutaneous adipose tissue of subdivision of cardinal body part,http://purl.obolibrary.org/obo/FMA_74315
https://purl.bioontology.org/ontology/OFL/OFLID10929,Subcutaneous adipose tissue of supra-auricular part of head,https://purl.bioontology.org/ontology/OFL/OFLID10414,Subcutaneous adipose tissue of subdivision of cardinal body part,http://purl.obolibrary.org/obo/FMA_74315
https://purl.bioontology.org/ontology/OFL/OFLID10930,Subcutaneous adipose tissue of right supra-auricular part of head,https://purl.bioontology.org/ontology/OFL/OFLID10414,Subcutaneous adipose tissue of subdivision of cardinal body part,http://purl.obolibrary.org/obo/FMA_74315
https://purl.bioontology.org/ontology/OFL/OFLID10931,Subcutaneous adipose tissue of left arm,https://purl.bioontology.org/ontology/OFL/OFLID10414,Subcutaneous adipose tissue of subdivision of cardinal body part,http://purl.obolibrary.org/obo/FMA_74315
https://purl.bioontology.org/ontology/OFL/OFLID10932,Subcutaneous adipose tissue of right arm,https://purl.bioontology.org/ontology/OFL/OFLID10414,Subcutaneous adipose tissue of subdivision of cardinal body part,http://purl.obolibrary.org/obo/FMA_74315
https://purl.bioontology.org/ontology/OFL/OFLID10933,Subcutaneous adipose tissue of medial malleolar part of right ankle,https://purl.bioontology.org/ontology/OFL/OFLID10414,Subcutaneous adipose tissue of subdivision of cardinal body part,http://purl.obolibrary.org/obo/FMA_74315
https://purl.bioontology.org/ontology/OFL/OFLID10934,Subcutaneous adipose tissue of medial malleolar part of left ankle,https://purl.bioontology.org/ontology/OFL/OFLID10414,Subcutaneous adipose tissue of subdivision of cardinal body part,http://purl.obolibrary.org/obo/FMA_74315
https://purl.bioontology.org/ontology/OFL/OFLID10935,Subcutaneous adipose tissue of upper anterior abdominal wall,https://purl.bioontology.org/ontology/OFL/OFLID10414,Subcutaneous adipose tissue of subdivision of cardinal body part,http://purl.obolibrary.org/obo/FMA_74315
https://purl.bioontology.org/ontology/OFL/OFLID10936,Subcutaneous adipose tissue of back of left lower limb,https://purl.bioontology.org/ontology/OFL/OFLID10414,Subcutaneous adipose tissue of subdivision of cardinal body part,http://purl.obolibrary.org/obo/FMA_74315
https://purl.bioontology.org/ontology/OFL/OFLID10937,Subcutaneous adipose tissue of back of lower limb,https://purl.bioontology.org/ontology/OFL/OFLID10414,Subcutaneous adipose tissue of subdivision of cardinal body part,http://purl.obolibrary.org/obo/FMA_74315
https://purl.bioontology.org/ontology/OFL/OFLID10938,Subcutaneous adipose tissue of back of right lower limb,https://purl.bioontology.org/ontology/OFL/OFLID10414,Subcutaneous adipose tissue of subdivision of cardinal body part,http://purl.obolibrary.org/obo/FMA_74315
https://purl.bioontology.org/ontology/OFL/OFLID10939,Subcutaneous adipose tissue of medial part of left foot,https://purl.bioontology.org/ontology/OFL/OFLID10414,Subcutaneous adipose tissue of subdivision of cardinal body part,http://purl.obolibrary.org/obo/FMA_74315
https://purl.bioontology.org/ontology/OFL/OFLID10940,Subcutaneous adipose tissue of medial part of right foot,https://purl.bioontology.org/ontology/OFL/OFLID10414,Subcutaneous adipose tissue of subdivision of cardinal body part,http://purl.obolibrary.org/obo/FMA_74315
https://purl.bioontology.org/ontology/OFL/OFLID10941,Subcutaneous adipose tissue of lateral chest wall,https://purl.bioontology.org/ontology/OFL/OFLID10414,Subcutaneous adipose tissue of subdivision of cardinal body part,http://purl.obolibrary.org/obo/FMA_74315
https://purl.bioontology.org/ontology/OFL/OFLID10942,Subcutaneous adipose tissue of neck,https://purl.bioontology.org/ontology/OFL/OFLID10414,Subcutaneous adipose tissue of subdivision of cardinal body part,http://purl.obolibrary.org/obo/FMA_74315
https://purl.bioontology.org/ontology/OFL/OFLID10943,Subcutaneous adipose tissue of lateral scapular part of left pectoral girdle,https://purl.bioontology.org/ontology/OFL/OFLID10414,Subcutaneous adipose tissue of subdivision of cardinal body part,http://purl.obolibrary.org/obo/FMA_74315
https://purl.bioontology.org/ontology/OFL/OFLID10944,Subcutaneous adipose tissue of lateral scapular part of pectoral girdle,https://purl.bioontology.org/ontology/OFL/OFLID10414,Subcutaneous adipose tissue of subdivision of cardinal body part,http://purl.obolibrary.org/obo/FMA_74315
https://purl.bioontology.org/ontology/OFL/OFLID10945,Subcutaneous adipose tissue of lateral scapular part of right pectoral girdle,https://purl.bioontology.org/ontology/OFL/OFLID10414,Subcutaneous adipose tissue of subdivision of cardinal body part,http://purl.obolibrary.org/obo/FMA_74315
https://purl.bioontology.org/ontology/OFL/OFLID10946,Subcutaneous adipose tissue of medial part of right thumb,https://purl.bioontology.org/ontology/OFL/OFLID10414,Subcutaneous adipose tissue of subdivision of cardinal body part,http://purl.obolibrary.org/obo/FMA_74315
https://purl.bioontology.org/ontology/OFL/OFLID10947,Subcutaneous adipose tissue of medial part of left thumb,https://purl.bioontology.org/ontology/OFL/OFLID10414,Subcutaneous adipose tissue of subdivision of cardinal body part,http://purl.obolibrary.org/obo/FMA_74315
https://purl.bioontology.org/ontology/OFL/OFLID10948,Subcutaneous adipose tissue of left pectoral part of chest,https://purl.bioontology.org/ontology/OFL/OFLID10414,Subcutaneous adipose tissue of subdivision of cardinal body part,http://purl.obolibrary.org/obo/FMA_74315
https://purl.bioontology.org/ontology/OFL/OFLID10949,Subcutaneous adipose tissue of isthmus of left external acoustic meatus,https://purl.bioontology.org/ontology/OFL/OFLID10414,Subcutaneous adipose tissue of subdivision of cardinal body part,http://purl.obolibrary.org/obo/FMA_74315
https://purl.bioontology.org/ontology/OFL/OFLID10950,Subcutaneous adipose tissue of isthmus of external acoustic tube,https://purl.bioontology.org/ontology/OFL/OFLID10414,Subcutaneous adipose tissue of subdivision of cardinal body part,http://purl.obolibrary.org/obo/FMA_74315
https://purl.bioontology.org/ontology/OFL/OFLID10951,Subcutaneous adipose tissue of isthmus of right external acoustic meatus,https://purl.bioontology.org/ontology/OFL/OFLID10414,Subcutaneous adipose tissue of subdivision of cardinal body part,http://purl.obolibrary.org/obo/FMA_74315
https://purl.bioontology.org/ontology/OFL/OFLID10952,Subcutaneous adipose tissue of lateral part of right hand,https://purl.bioontology.org/ontology/OFL/OFLID10414,Subcutaneous adipose tissue of subdivision of cardinal body part,http://purl.obolibrary.org/obo/FMA_74315
https://purl.bioontology.org/ontology/OFL/OFLID10953,Subcutaneous adipose tissue of lateral part of hand,https://purl.bioontology.org/ontology/OFL/OFLID10414,Subcutaneous adipose tissue of subdivision of cardinal body part,http://purl.obolibrary.org/obo/FMA_74315
https://purl.bioontology.org/ontology/OFL/OFLID10954,Subcutaneous adipose tissue of lateral part of left hand,https://purl.bioontology.org/ontology/OFL/OFLID10414,Subcutaneous adipose tissue of subdivision of cardinal body part,http://purl.obolibrary.org/obo/FMA_74315
https://purl.bioontology.org/ontology/OFL/OFLID10955,Subcutaneous adipose tissue of right side of face,https://purl.bioontology.org/ontology/OFL/OFLID10414,Subcutaneous adipose tissue of subdivision of cardinal body part,http://purl.obolibrary.org/obo/FMA_74315
https://purl.bioontology.org/ontology/OFL/OFLID10956,Subcutaneous adipose tissue of hindfoot,https://purl.bioontology.org/ontology/OFL/OFLID10414,Subcutaneous adipose tissue of subdivision of cardinal body part,http://purl.obolibrary.org/obo/FMA_74315
https://purl.bioontology.org/ontology/OFL/OFLID10957,Subcutaneous adipose tissue of left inframammary part of chest,https://purl.bioontology.org/ontology/OFL/OFLID10414,Subcutaneous adipose tissue of subdivision of cardinal body part,http://purl.obolibrary.org/obo/FMA_74315
https://purl.bioontology.org/ontology/OFL/OFLID10958,Subcutaneous adipose tissue of right inframammary part of chest,https://purl.bioontology.org/ontology/OFL/OFLID10414,Subcutaneous adipose tissue of subdivision of cardinal body part,http://purl.obolibrary.org/obo/FMA_74315
https://purl.bioontology.org/ontology/OFL/OFLID10959,Subcutaneous adipose tissue of right lateral superficial chest wall,https://purl.bioontology.org/ontology/OFL/OFLID10414,Subcutaneous adipose tissue of subdivision of cardinal body part,http://purl.obolibrary.org/obo/FMA_74315
https://purl.bioontology.org/ontology/OFL/OFLID10960,Subcutaneous adipose tissue of left lateral superficial chest wall,https://purl.bioontology.org/ontology/OFL/OFLID10414,Subcutaneous adipose tissue of subdivision of cardinal body part,http://purl.obolibrary.org/obo/FMA_74315
https://purl.bioontology.org/ontology/OFL/OFLID10961,Subcutaneous adipose tissue of forearm,https://purl.bioontology.org/ontology/OFL/OFLID10414,Subcutaneous adipose tissue of subdivision of cardinal body part,http://purl.obolibrary.org/obo/FMA_74315
https://purl.bioontology.org/ontology/OFL/OFLID10962,Subcutaneous adipose tissue of leg,https://purl.bioontology.org/ontology/OFL/OFLID10414,Subcutaneous adipose tissue of subdivision of cardinal body part,http://purl.obolibrary.org/obo/FMA_74315
https://purl.bioontology.org/ontology/OFL/OFLID10963,Subcutaneous adipose tissue of palm proper,https://purl.bioontology.org/ontology/OFL/OFLID10414,Subcutaneous adipose tissue of subdivision of cardinal body part,http://purl.obolibrary.org/obo/FMA_74315
https://purl.bioontology.org/ontology/OFL/OFLID10964,Subcutaneous adipose tissue of supratragic tubercle,https://purl.bioontology.org/ontology/OFL/OFLID10414,Subcutaneous adipose tissue of subdivision of cardinal body part,http://purl.obolibrary.org/obo/FMA_74315
https://purl.bioontology.org/ontology/OFL/OFLID10965,Subcutaneous adipose tissue of male pelvis,https://purl.bioontology.org/ontology/OFL/OFLID10414,Subcutaneous adipose tissue of subdivision of cardinal body part,http://purl.obolibrary.org/obo/FMA_74315
https://purl.bioontology.org/ontology/OFL/OFLID10966,Subcutaneous adipose tissue of female pelvis,https://purl.bioontology.org/ontology/OFL/OFLID10414,Subcutaneous adipose tissue of subdivision of cardinal body part,http://purl.obolibrary.org/obo/FMA_74315
https://purl.bioontology.org/ontology/OFL/OFLID10967,Subcutaneous adipose tissue of medial wall of right axilla,https://purl.bioontology.org/ontology/OFL/OFLID10414,Subcutaneous adipose tissue of subdivision of cardinal body part,http://purl.obolibrary.org/obo/FMA_74315
https://purl.bioontology.org/ontology/OFL/OFLID10968,Subcutaneous adipose tissue of medial wall of left axilla,https://purl.bioontology.org/ontology/OFL/OFLID10414,Subcutaneous adipose tissue of subdivision of cardinal body part,http://purl.obolibrary.org/obo/FMA_74315
https://purl.bioontology.org/ontology/OFL/OFLID10969,Subcutaneous adipose tissue of inferior wall of external acoustic tube,https://purl.bioontology.org/ontology/OFL/OFLID10414,Subcutaneous adipose tissue of subdivision of cardinal body part,http://purl.obolibrary.org/obo/FMA_74315
https://purl.bioontology.org/ontology/OFL/OFLID10970,Subcutaneous adipose tissue of posterior body wall,https://purl.bioontology.org/ontology/OFL/OFLID10414,Subcutaneous adipose tissue of subdivision of cardinal body part,http://purl.obolibrary.org/obo/FMA_74315
https://purl.bioontology.org/ontology/OFL/OFLID10971,Subcutaneous adipose tissue of distal segment of left wrist,https://purl.bioontology.org/ontology/OFL/OFLID10414,Subcutaneous adipose tissue of subdivision of cardinal body part,http://purl.obolibrary.org/obo/FMA_74315
https://purl.bioontology.org/ontology/OFL/OFLID10972,Subcutaneous adipose tissue of distal segment of wrist,https://purl.bioontology.org/ontology/OFL/OFLID10414,Subcutaneous adipose tissue of subdivision of cardinal body part,http://purl.obolibrary.org/obo/FMA_74315
https://purl.bioontology.org/ontology/OFL/OFLID10973,Subcutaneous adipose tissue of distal segment of right wrist,https://purl.bioontology.org/ontology/OFL/OFLID10414,Subcutaneous adipose tissue of subdivision of cardinal body part,http://purl.obolibrary.org/obo/FMA_74315
https://purl.bioontology.org/ontology/OFL/OFLID10974,Subcutaneous adipose tissue of medial part of right middle finger,https://purl.bioontology.org/ontology/OFL/OFLID10414,Subcutaneous adipose tissue of subdivision of cardinal body part,http://purl.obolibrary.org/obo/FMA_74315
https://purl.bioontology.org/ontology/OFL/OFLID10975,Subcutaneous adipose tissue of medial part of left middle finger,https://purl.bioontology.org/ontology/OFL/OFLID10414,Subcutaneous adipose tissue of subdivision of cardinal body part,http://purl.obolibrary.org/obo/FMA_74315
https://purl.bioontology.org/ontology/OFL/OFLID10976,Subcutaneous adipose tissue of right inguinal part of abdomen,https://purl.bioontology.org/ontology/OFL/OFLID10414,Subcutaneous adipose tissue of subdivision of cardinal body part,http://purl.obolibrary.org/obo/FMA_74315
https://purl.bioontology.org/ontology/OFL/OFLID10977,Subcutaneous adipose tissue of inguinal part of abdomen,https://purl.bioontology.org/ontology/OFL/OFLID10414,Subcutaneous adipose tissue of subdivision of cardinal body part,http://purl.obolibrary.org/obo/FMA_74315
https://purl.bioontology.org/ontology/OFL/OFLID10978,Subcutaneous adipose tissue of left inguinal part of abdomen,https://purl.bioontology.org/ontology/OFL/OFLID10414,Subcutaneous adipose tissue of subdivision of cardinal body part,http://purl.obolibrary.org/obo/FMA_74315
https://purl.bioontology.org/ontology/OFL/OFLID10979,Subcutaneous adipose tissue of accessory breast,https://purl.bioontology.org/ontology/OFL/OFLID10414,Subcutaneous adipose tissue of subdivision of cardinal body part,http://purl.obolibrary.org/obo/FMA_74315
https://purl.bioontology.org/ontology/OFL/OFLID10980,Subcutaneous adipose tissue of left buttock,https://purl.bioontology.org/ontology/OFL/OFLID10414,Subcutaneous adipose tissue of subdivision of cardinal body part,http://purl.obolibrary.org/obo/FMA_74315
https://purl.bioontology.org/ontology/OFL/OFLID10981,Subcutaneous adipose tissue of right buttock,https://purl.bioontology.org/ontology/OFL/OFLID10414,Subcutaneous adipose tissue of subdivision of cardinal body part,http://purl.obolibrary.org/obo/FMA_74315
https://purl.bioontology.org/ontology/OFL/OFLID10982,Subcutaneous adipose tissue of left fourth toe,https://purl.bioontology.org/ontology/OFL/OFLID10414,Subcutaneous adipose tissue of subdivision of cardinal body part,http://purl.obolibrary.org/obo/FMA_74315
https://purl.bioontology.org/ontology/OFL/OFLID10983,Subcutaneous adipose tissue of right fourth toe,https://purl.bioontology.org/ontology/OFL/OFLID10414,Subcutaneous adipose tissue of subdivision of cardinal body part,http://purl.obolibrary.org/obo/FMA_74315
https://purl.bioontology.org/ontology/OFL/OFLID10984,Subcutaneous adipose tissue of left auriculotemporal part of head,https://purl.bioontology.org/ontology/OFL/OFLID10414,Subcutaneous adipose tissue of subdivision of cardinal body part,http://purl.obolibrary.org/obo/FMA_74315
https://purl.bioontology.org/ontology/OFL/OFLID10985,Subcutaneous adipose tissue of auriculotemporal part of head,https://purl.bioontology.org/ontology/OFL/OFLID10414,Subcutaneous adipose tissue of subdivision of cardinal body part,http://purl.obolibrary.org/obo/FMA_74315
https://purl.bioontology.org/ontology/OFL/OFLID10986,Subcutaneous adipose tissue of right auriculotemporal part of head,https://purl.bioontology.org/ontology/OFL/OFLID10414,Subcutaneous adipose tissue of subdivision of cardinal body part,http://purl.obolibrary.org/obo/FMA_74315
https://purl.bioontology.org/ontology/OFL/OFLID10987,Subcutaneous adipose tissue of inner part of right external acoustic tube,https://purl.bioontology.org/ontology/OFL/OFLID10414,Subcutaneous adipose tissue of subdivision of cardinal body part,http://purl.obolibrary.org/obo/FMA_74315
https://purl.bioontology.org/ontology/OFL/OFLID10988,Subcutaneous adipose tissue of inner part of left external acoustic tube,https://purl.bioontology.org/ontology/OFL/OFLID10414,Subcutaneous adipose tissue of subdivision of cardinal body part,http://purl.obolibrary.org/obo/FMA_74315
https://purl.bioontology.org/ontology/OFL/OFLID10989,Subcutaneous adipose tissue of distal free limb segment,https://purl.bioontology.org/ontology/OFL/OFLID10414,Subcutaneous adipose tissue of subdivision of cardinal body part,http://purl.obolibrary.org/obo/FMA_74315
https://purl.bioontology.org/ontology/OFL/OFLID10990,Subcutaneous adipose tissue of hand,https://purl.bioontology.org/ontology/OFL/OFLID10414,Subcutaneous adipose tissue of subdivision of cardinal body part,http://purl.obolibrary.org/obo/FMA_74315
https://purl.bioontology.org/ontology/OFL/OFLID10991,Subcutaneous adipose tissue of left palm proper,https://purl.bioontology.org/ontology/OFL/OFLID10414,Subcutaneous adipose tissue of subdivision of cardinal body part,http://purl.obolibrary.org/obo/FMA_74315
https://purl.bioontology.org/ontology/OFL/OFLID10992,Subcutaneous adipose tissue of right palm proper,https://purl.bioontology.org/ontology/OFL/OFLID10414,Subcutaneous adipose tissue of subdivision of cardinal body part,http://purl.obolibrary.org/obo/FMA_74315
https://purl.bioontology.org/ontology/OFL/OFLID10993,Subcutaneous adipose tissue of tragus,https://purl.bioontology.org/ontology/OFL/OFLID10414,Subcutaneous adipose tissue of subdivision of cardinal body part,http://purl.obolibrary.org/obo/FMA_74315
https://purl.bioontology.org/ontology/OFL/OFLID10994,Subcutaneous adipose tissue of wall of abdomen proper,https://purl.bioontology.org/ontology/OFL/OFLID10414,Subcutaneous adipose tissue of subdivision of cardinal body part,http://purl.obolibrary.org/obo/FMA_74315
https://purl.bioontology.org/ontology/OFL/OFLID10995,Subcutaneous adipose tissue of right pinna,https://purl.bioontology.org/ontology/OFL/OFLID10414,Subcutaneous adipose tissue of subdivision of cardinal body part,http://purl.obolibrary.org/obo/FMA_74315
https://purl.bioontology.org/ontology/OFL/OFLID10996,Subcutaneous adipose tissue of pinna,https://purl.bioontology.org/ontology/OFL/OFLID10414,Subcutaneous adipose tissue of subdivision of cardinal body part,http://purl.obolibrary.org/obo/FMA_74315
https://purl.bioontology.org/ontology/OFL/OFLID10997,Subcutaneous adipose tissue of left pinna,https://purl.bioontology.org/ontology/OFL/OFLID10414,Subcutaneous adipose tissue of subdivision of cardinal body part,http://purl.obolibrary.org/obo/FMA_74315
https://purl.bioontology.org/ontology/OFL/OFLID10998,Subcutaneous adipose tissue of right antitragus,https://purl.bioontology.org/ontology/OFL/OFLID10414,Subcutaneous adipose tissue of subdivision of cardinal body part,http://purl.obolibrary.org/obo/FMA_74315
https://purl.bioontology.org/ontology/OFL/OFLID10999,Subcutaneous adipose tissue of antitragus,https://purl.bioontology.org/ontology/OFL/OFLID10414,Subcutaneous adipose tissue of subdivision of cardinal body part,http://purl.obolibrary.org/obo/FMA_74315
https://purl.bioontology.org/ontology/OFL/OFLID11000,Subcutaneous adipose tissue of left antitragus,https://purl.bioontology.org/ontology/OFL/OFLID10414,Subcutaneous adipose tissue of subdivision of cardinal body part,http://purl.obolibrary.org/obo/FMA_74315
https://purl.bioontology.org/ontology/OFL/OFLID11002,Subcutaneous adipose tissue of pudendal cleft,https://purl.bioontology.org/ontology/OFL/OFLID10414,Subcutaneous adipose tissue of subdivision of cardinal body part,http://purl.obolibrary.org/obo/FMA_74315
https://purl.bioontology.org/ontology/OFL/OFLID11005,Subcutaneous adipose tissue of female breast,https://purl.bioontology.org/ontology/OFL/OFLID10414,Subcutaneous adipose tissue of subdivision of cardinal body part,http://purl.obolibrary.org/obo/FMA_74315
https://purl.bioontology.org/ontology/OFL/OFLID11006,Subcutaneous adipose tissue of urogenital part proper of male perineum,https://purl.bioontology.org/ontology/OFL/OFLID10414,Subcutaneous adipose tissue of subdivision of cardinal body part,http://purl.obolibrary.org/obo/FMA_74315
https://purl.bioontology.org/ontology/OFL/OFLID11007,Subcutaneous adipose tissue of upper vermilion,https://purl.bioontology.org/ontology/OFL/OFLID10414,Subcutaneous adipose tissue of subdivision of cardinal body part,http://purl.obolibrary.org/obo/FMA_74315
https://purl.bioontology.org/ontology/OFL/OFLID11008,Subcutaneous adipose tissue of lower vermilion,https://purl.bioontology.org/ontology/OFL/OFLID10414,Subcutaneous adipose tissue of subdivision of cardinal body part,http://purl.obolibrary.org/obo/FMA_74315
https://purl.bioontology.org/ontology/OFL/OFLID11009,Subcutaneous adipose tissue of male abdomen,https://purl.bioontology.org/ontology/OFL/OFLID10414,Subcutaneous adipose tissue of subdivision of cardinal body part,http://purl.obolibrary.org/obo/FMA_74315
https://purl.bioontology.org/ontology/OFL/OFLID11010,Subcutaneous adipose tissue of female abdomen,https://purl.bioontology.org/ontology/OFL/OFLID10414,Subcutaneous adipose tissue of subdivision of cardinal body part,http://purl.obolibrary.org/obo/FMA_74315
https://purl.bioontology.org/ontology/OFL/OFLID11011,Subcutaneous adipose tissue of abdominal segment of male trunk,https://purl.bioontology.org/ontology/OFL/OFLID10414,Subcutaneous adipose tissue of subdivision of cardinal body part,http://purl.obolibrary.org/obo/FMA_74315
https://purl.bioontology.org/ontology/OFL/OFLID11012,Subcutaneous adipose tissue of abdominal segment of female trunk,https://purl.bioontology.org/ontology/OFL/OFLID10414,Subcutaneous adipose tissue of subdivision of cardinal body part,http://purl.obolibrary.org/obo/FMA_74315
https://purl.bioontology.org/ontology/OFL/OFLID11013,Subcutaneous adipose tissue of inferior wall of left external acoustic tube,https://purl.bioontology.org/ontology/OFL/OFLID10414,Subcutaneous adipose tissue of subdivision of cardinal body part,http://purl.obolibrary.org/obo/FMA_74315
https://purl.bioontology.org/ontology/OFL/OFLID11014,Subcutaneous adipose tissue of inferior wall of right external acoustic tube,https://purl.bioontology.org/ontology/OFL/OFLID10414,Subcutaneous adipose tissue of subdivision of cardinal body part,http://purl.obolibrary.org/obo/FMA_74315
https://purl.bioontology.org/ontology/OFL/OFLID11015,Subcutaneous adipose tissue of body of penis,https://purl.bioontology.org/ontology/OFL/OFLID10414,Subcutaneous adipose tissue of subdivision of cardinal body part,http://purl.obolibrary.org/obo/FMA_74315
https://purl.bioontology.org/ontology/OFL/OFLID11016,Subcutaneous adipose tissue of external nose,https://purl.bioontology.org/ontology/OFL/OFLID10414,Subcutaneous adipose tissue of subdivision of cardinal body part,http://purl.obolibrary.org/obo/FMA_74315
https://purl.bioontology.org/ontology/OFL/OFLID11017,Subcutaneous adipose tissue of front of free upper limb,https://purl.bioontology.org/ontology/OFL/OFLID10414,Subcutaneous adipose tissue of subdivision of cardinal body part,http://purl.obolibrary.org/obo/FMA_74315
https://purl.bioontology.org/ontology/OFL/OFLID11018,Subcutaneous adipose tissue of heel,https://purl.bioontology.org/ontology/OFL/OFLID10414,Subcutaneous adipose tissue of subdivision of cardinal body part,http://purl.obolibrary.org/obo/FMA_74315
https://purl.bioontology.org/ontology/OFL/OFLID11019,Subcutaneous adipose tissue of right supratragic tubercle,https://purl.bioontology.org/ontology/OFL/OFLID10414,Subcutaneous adipose tissue of subdivision of cardinal body part,http://purl.obolibrary.org/obo/FMA_74315
https://purl.bioontology.org/ontology/OFL/OFLID11020,Subcutaneous adipose tissue of left supratragic tubercle,https://purl.bioontology.org/ontology/OFL/OFLID10414,Subcutaneous adipose tissue of subdivision of cardinal body part,http://purl.obolibrary.org/obo/FMA_74315
https://purl.bioontology.org/ontology/OFL/OFLID11021,Subcutaneous adipose tissue of lower lip,https://purl.bioontology.org/ontology/OFL/OFLID10414,Subcutaneous adipose tissue of subdivision of cardinal body part,http://purl.obolibrary.org/obo/FMA_74315
https://purl.bioontology.org/ontology/OFL/OFLID11022,Subcutaneous adipose tissue of lip,https://purl.bioontology.org/ontology/OFL/OFLID10414,Subcutaneous adipose tissue of subdivision of cardinal body part,http://purl.obolibrary.org/obo/FMA_74315
https://purl.bioontology.org/ontology/OFL/OFLID11023,Subcutaneous adipose tissue of upper lip,https://purl.bioontology.org/ontology/OFL/OFLID10414,Subcutaneous adipose tissue of subdivision of cardinal body part,http://purl.obolibrary.org/obo/FMA_74315
https://purl.bioontology.org/ontology/OFL/OFLID11024,Subcutaneous adipose tissue of left forearm,https://purl.bioontology.org/ontology/OFL/OFLID10414,Subcutaneous adipose tissue of subdivision of cardinal body part,http://purl.obolibrary.org/obo/FMA_74315
https://purl.bioontology.org/ontology/OFL/OFLID11025,Subcutaneous adipose tissue of right forearm,https://purl.bioontology.org/ontology/OFL/OFLID10414,Subcutaneous adipose tissue of subdivision of cardinal body part,http://purl.obolibrary.org/obo/FMA_74315
https://purl.bioontology.org/ontology/OFL/OFLID11026,Subcutaneous adipose tissue of lateral part of chest,https://purl.bioontology.org/ontology/OFL/OFLID10414,Subcutaneous adipose tissue of subdivision of cardinal body part,http://purl.obolibrary.org/obo/FMA_74315
https://purl.bioontology.org/ontology/OFL/OFLID11027,Subcutaneous adipose tissue of hypothenar eminence of left palm,https://purl.bioontology.org/ontology/OFL/OFLID10414,Subcutaneous adipose tissue of subdivision of cardinal body part,http://purl.obolibrary.org/obo/FMA_74315
https://purl.bioontology.org/ontology/OFL/OFLID11028,Subcutaneous adipose tissue of hypothenar eminence,https://purl.bioontology.org/ontology/OFL/OFLID10414,Subcutaneous adipose tissue of subdivision of cardinal body part,http://purl.obolibrary.org/obo/FMA_74315
https://purl.bioontology.org/ontology/OFL/OFLID11029,Subcutaneous adipose tissue of hypothenar eminence of right palm,https://purl.bioontology.org/ontology/OFL/OFLID10414,Subcutaneous adipose tissue of subdivision of cardinal body part,http://purl.obolibrary.org/obo/FMA_74315
https://purl.bioontology.org/ontology/OFL/OFLID11030,Subcutaneous adipose tissue of midfoot,https://purl.bioontology.org/ontology/OFL/OFLID10414,Subcutaneous adipose tissue of subdivision of cardinal body part,http://purl.obolibrary.org/obo/FMA_74315
https://purl.bioontology.org/ontology/OFL/OFLID11031,Subcutaneous adipose tissue of front of neck,https://purl.bioontology.org/ontology/OFL/OFLID10414,Subcutaneous adipose tissue of subdivision of cardinal body part,http://purl.obolibrary.org/obo/FMA_74315
https://purl.bioontology.org/ontology/OFL/OFLID11032,Subcutaneous adipose tissue of lower abdomen,https://purl.bioontology.org/ontology/OFL/OFLID10414,Subcutaneous adipose tissue of subdivision of cardinal body part,http://purl.obolibrary.org/obo/FMA_74315
https://purl.bioontology.org/ontology/OFL/OFLID11033,Subcutaneous adipose tissue of wall of middle part of left external acoustic tube,https://purl.bioontology.org/ontology/OFL/OFLID10414,Subcutaneous adipose tissue of subdivision of cardinal body part,http://purl.obolibrary.org/obo/FMA_74315
https://purl.bioontology.org/ontology/OFL/OFLID11034,Subcutaneous adipose tissue of wall of middle part of external acoustic tube,https://purl.bioontology.org/ontology/OFL/OFLID10414,Subcutaneous adipose tissue of subdivision of cardinal body part,http://purl.obolibrary.org/obo/FMA_74315
https://purl.bioontology.org/ontology/OFL/OFLID11035,Subcutaneous adipose tissue of wall of middle part of right external acoustic tube,https://purl.bioontology.org/ontology/OFL/OFLID10414,Subcutaneous adipose tissue of subdivision of cardinal body part,http://purl.obolibrary.org/obo/FMA_74315
https://purl.bioontology.org/ontology/OFL/OFLID11036,Subcutaneous adipose tissue of right hand,https://purl.bioontology.org/ontology/OFL/OFLID10414,Subcutaneous adipose tissue of subdivision of cardinal body part,http://purl.obolibrary.org/obo/FMA_74315
https://purl.bioontology.org/ontology/OFL/OFLID11037,Subcutaneous adipose tissue of left hand,https://purl.bioontology.org/ontology/OFL/OFLID10414,Subcutaneous adipose tissue of subdivision of cardinal body part,http://purl.obolibrary.org/obo/FMA_74315
https://purl.bioontology.org/ontology/OFL/OFLID11038,Subcutaneous adipose tissue of left heel,https://purl.bioontology.org/ontology/OFL/OFLID10414,Subcutaneous adipose tissue of subdivision of cardinal body part,http://purl.obolibrary.org/obo/FMA_74315
https://purl.bioontology.org/ontology/OFL/OFLID11039,Subcutaneous adipose tissue of right heel,https://purl.bioontology.org/ontology/OFL/OFLID10414,Subcutaneous adipose tissue of subdivision of cardinal body part,http://purl.obolibrary.org/obo/FMA_74315
https://purl.bioontology.org/ontology/OFL/OFLID11040,Subcutaneous adipose tissue of left areola,https://purl.bioontology.org/ontology/OFL/OFLID10414,Subcutaneous adipose tissue of subdivision of cardinal body part,http://purl.obolibrary.org/obo/FMA_74315
https://purl.bioontology.org/ontology/OFL/OFLID11041,Subcutaneous adipose tissue of right lateral part of chest,https://purl.bioontology.org/ontology/OFL/OFLID10414,Subcutaneous adipose tissue of subdivision of cardinal body part,http://purl.obolibrary.org/obo/FMA_74315
https://purl.bioontology.org/ontology/OFL/OFLID11042,Subcutaneous adipose tissue of left lateral part of chest,https://purl.bioontology.org/ontology/OFL/OFLID10414,Subcutaneous adipose tissue of subdivision of cardinal body part,http://purl.obolibrary.org/obo/FMA_74315
https://purl.bioontology.org/ontology/OFL/OFLID11043,Subcutaneous adipose tissue of mandibular part of mouth,https://purl.bioontology.org/ontology/OFL/OFLID10414,Subcutaneous adipose tissue of subdivision of cardinal body part,http://purl.obolibrary.org/obo/FMA_74315
https://purl.bioontology.org/ontology/OFL/OFLID11044,Subcutaneous adipose tissue of anterior wall of left axilla,https://purl.bioontology.org/ontology/OFL/OFLID10414,Subcutaneous adipose tissue of subdivision of cardinal body part,http://purl.obolibrary.org/obo/FMA_74315
https://purl.bioontology.org/ontology/OFL/OFLID11045,Subcutaneous adipose tissue of anterior wall of axilla,https://purl.bioontology.org/ontology/OFL/OFLID10414,Subcutaneous adipose tissue of subdivision of cardinal body part,http://purl.obolibrary.org/obo/FMA_74315
https://purl.bioontology.org/ontology/OFL/OFLID11046,Subcutaneous adipose tissue of anterior wall of right axilla,https://purl.bioontology.org/ontology/OFL/OFLID10414,Subcutaneous adipose tissue of subdivision of cardinal body part,http://purl.obolibrary.org/obo/FMA_74315
https://purl.bioontology.org/ontology/OFL/OFLID11047,Subcutaneous adipose tissue of left side of upper lip,https://purl.bioontology.org/ontology/OFL/OFLID10414,Subcutaneous adipose tissue of subdivision of cardinal body part,http://purl.obolibrary.org/obo/FMA_74315
https://purl.bioontology.org/ontology/OFL/OFLID11048,Subcutaneous adipose tissue of olecranon region,https://purl.bioontology.org/ontology/OFL/OFLID10414,Subcutaneous adipose tissue of subdivision of cardinal body part,http://purl.obolibrary.org/obo/FMA_74315
https://purl.bioontology.org/ontology/OFL/OFLID11049,Subcutaneous adipose tissue of right parietal part of head,https://purl.bioontology.org/ontology/OFL/OFLID10414,Subcutaneous adipose tissue of subdivision of cardinal body part,http://purl.obolibrary.org/obo/FMA_74315
https://purl.bioontology.org/ontology/OFL/OFLID11050,Subcutaneous adipose tissue of left parietal part of head,https://purl.bioontology.org/ontology/OFL/OFLID10414,Subcutaneous adipose tissue of subdivision of cardinal body part,http://purl.obolibrary.org/obo/FMA_74315
https://purl.bioontology.org/ontology/OFL/OFLID11051,Subcutaneous adipose tissue of lateral part of right ring finger,https://purl.bioontology.org/ontology/OFL/OFLID10414,Subcutaneous adipose tissue of subdivision of cardinal body part,http://purl.obolibrary.org/obo/FMA_74315
https://purl.bioontology.org/ontology/OFL/OFLID11052,Subcutaneous adipose tissue of lateral part of left ring finger,https://purl.bioontology.org/ontology/OFL/OFLID10414,Subcutaneous adipose tissue of subdivision of cardinal body part,http://purl.obolibrary.org/obo/FMA_74315
https://purl.bioontology.org/ontology/OFL/OFLID11053,Subcutaneous adipose tissue of dorsum of nose,https://purl.bioontology.org/ontology/OFL/OFLID10414,Subcutaneous adipose tissue of subdivision of cardinal body part,http://purl.obolibrary.org/obo/FMA_74315
https://purl.bioontology.org/ontology/OFL/OFLID11054,Subcutaneous adipose tissue of lower anterior abdominal wall,https://purl.bioontology.org/ontology/OFL/OFLID10414,Subcutaneous adipose tissue of subdivision of cardinal body part,http://purl.obolibrary.org/obo/FMA_74315
https://purl.bioontology.org/ontology/OFL/OFLID11055,Subcutaneous adipose tissue of right leg,https://purl.bioontology.org/ontology/OFL/OFLID10414,Subcutaneous adipose tissue of subdivision of cardinal body part,http://purl.obolibrary.org/obo/FMA_74315
https://purl.bioontology.org/ontology/OFL/OFLID11056,Subcutaneous adipose tissue of left leg,https://purl.bioontology.org/ontology/OFL/OFLID10414,Subcutaneous adipose tissue of subdivision of cardinal body part,http://purl.obolibrary.org/obo/FMA_74315
https://purl.bioontology.org/ontology/OFL/OFLID11057,Subcutaneous adipose tissue of left index finger,https://purl.bioontology.org/ontology/OFL/OFLID10414,Subcutaneous adipose tissue of subdivision of cardinal body part,http://purl.obolibrary.org/obo/FMA_74315
https://purl.bioontology.org/ontology/OFL/OFLID11058,Subcutaneous adipose tissue of right index finger,https://purl.bioontology.org/ontology/OFL/OFLID10414,Subcutaneous adipose tissue of subdivision of cardinal body part,http://purl.obolibrary.org/obo/FMA_74315
https://purl.bioontology.org/ontology/OFL/OFLID11059,Subcutaneous adipose tissue of left third toe,https://purl.bioontology.org/ontology/OFL/OFLID10414,Subcutaneous adipose tissue of subdivision of cardinal body part,http://purl.obolibrary.org/obo/FMA_74315
https://purl.bioontology.org/ontology/OFL/OFLID11060,Subcutaneous adipose tissue of right third toe,https://purl.bioontology.org/ontology/OFL/OFLID10414,Subcutaneous adipose tissue of subdivision of cardinal body part,http://purl.obolibrary.org/obo/FMA_74315
https://purl.bioontology.org/ontology/OFL/OFLID11061,Subcutaneous adipose tissue of left half of front of neck,https://purl.bioontology.org/ontology/OFL/OFLID10414,Subcutaneous adipose tissue of subdivision of cardinal body part,http://purl.obolibrary.org/obo/FMA_74315
https://purl.bioontology.org/ontology/OFL/OFLID11062,Subcutaneous adipose tissue of right upper quadrant of abdomen,https://purl.bioontology.org/ontology/OFL/OFLID10414,Subcutaneous adipose tissue of subdivision of cardinal body part,http://purl.obolibrary.org/obo/FMA_74315
https://purl.bioontology.org/ontology/OFL/OFLID11063,Subcutaneous adipose tissue of upper quadrant of abdomen,https://purl.bioontology.org/ontology/OFL/OFLID10414,Subcutaneous adipose tissue of subdivision of cardinal body part,http://purl.obolibrary.org/obo/FMA_74315
https://purl.bioontology.org/ontology/OFL/OFLID11064,Subcutaneous adipose tissue of left upper quadrant of abdomen,https://purl.bioontology.org/ontology/OFL/OFLID10414,Subcutaneous adipose tissue of subdivision of cardinal body part,http://purl.obolibrary.org/obo/FMA_74315
https://purl.bioontology.org/ontology/OFL/OFLID11065,Subcutaneous adipose tissue of left side of lower lip,https://purl.bioontology.org/ontology/OFL/OFLID10414,Subcutaneous adipose tissue of subdivision of cardinal body part,http://purl.obolibrary.org/obo/FMA_74315
https://purl.bioontology.org/ontology/OFL/OFLID11066,Subcutaneous adipose tissue of lobule of left pinna,https://purl.bioontology.org/ontology/OFL/OFLID10414,Subcutaneous adipose tissue of subdivision of cardinal body part,http://purl.obolibrary.org/obo/FMA_74315
https://purl.bioontology.org/ontology/OFL/OFLID11067,Subcutaneous adipose tissue of lobule of right pinna,https://purl.bioontology.org/ontology/OFL/OFLID10414,Subcutaneous adipose tissue of subdivision of cardinal body part,http://purl.obolibrary.org/obo/FMA_74315
https://purl.bioontology.org/ontology/OFL/OFLID11068,Subcutaneous adipose tissue of left nipple,https://purl.bioontology.org/ontology/OFL/OFLID10414,Subcutaneous adipose tissue of subdivision of cardinal body part,http://purl.obolibrary.org/obo/FMA_74315
https://purl.bioontology.org/ontology/OFL/OFLID11069,Subcutaneous adipose tissue of abdomen proper,https://purl.bioontology.org/ontology/OFL/OFLID10414,Subcutaneous adipose tissue of subdivision of cardinal body part,http://purl.obolibrary.org/obo/FMA_74315
https://purl.bioontology.org/ontology/OFL/OFLID11070,Subcutaneous adipose tissue of anterior part of thigh,https://purl.bioontology.org/ontology/OFL/OFLID10414,Subcutaneous adipose tissue of subdivision of cardinal body part,http://purl.obolibrary.org/obo/FMA_74315
https://purl.bioontology.org/ontology/OFL/OFLID11071,Subcutaneous adipose tissue of mons pubis,https://purl.bioontology.org/ontology/OFL/OFLID10414,Subcutaneous adipose tissue of subdivision of cardinal body part,http://purl.obolibrary.org/obo/FMA_74315
https://purl.bioontology.org/ontology/OFL/OFLID11072,Subcutaneous adipose tissue of palmar part of right middle finger,https://purl.bioontology.org/ontology/OFL/OFLID10414,Subcutaneous adipose tissue of subdivision of cardinal body part,http://purl.obolibrary.org/obo/FMA_74315
https://purl.bioontology.org/ontology/OFL/OFLID11073,Subcutaneous adipose tissue of palmar part of middle finger,https://purl.bioontology.org/ontology/OFL/OFLID10414,Subcutaneous adipose tissue of subdivision of cardinal body part,http://purl.obolibrary.org/obo/FMA_74315
https://purl.bioontology.org/ontology/OFL/OFLID11074,Subcutaneous adipose tissue of palmar part of left middle finger,https://purl.bioontology.org/ontology/OFL/OFLID10414,Subcutaneous adipose tissue of subdivision of cardinal body part,http://purl.obolibrary.org/obo/FMA_74315
https://purl.bioontology.org/ontology/OFL/OFLID11075,Subcutaneous adipose tissue of palm,https://purl.bioontology.org/ontology/OFL/OFLID10414,Subcutaneous adipose tissue of subdivision of cardinal body part,http://purl.obolibrary.org/obo/FMA_74315
https://purl.bioontology.org/ontology/OFL/OFLID11076,Subcutaneous adipose tissue of left female breast,https://purl.bioontology.org/ontology/OFL/OFLID10414,Subcutaneous adipose tissue of subdivision of cardinal body part,http://purl.obolibrary.org/obo/FMA_74315
https://purl.bioontology.org/ontology/OFL/OFLID11077,Subcutaneous adipose tissue of right female breast,https://purl.bioontology.org/ontology/OFL/OFLID10414,Subcutaneous adipose tissue of subdivision of cardinal body part,http://purl.obolibrary.org/obo/FMA_74315
https://purl.bioontology.org/ontology/OFL/OFLID11078,Subcutaneous adipose tissue of middle part of lower lip,https://purl.bioontology.org/ontology/OFL/OFLID10414,Subcutaneous adipose tissue of subdivision of cardinal body part,http://purl.obolibrary.org/obo/FMA_74315
https://purl.bioontology.org/ontology/OFL/OFLID11079,Subcutaneous adipose tissue of female nipple,https://purl.bioontology.org/ontology/OFL/OFLID10414,Subcutaneous adipose tissue of subdivision of cardinal body part,http://purl.obolibrary.org/obo/FMA_74315
https://purl.bioontology.org/ontology/OFL/OFLID11080,Subcutaneous adipose tissue of lateral region of left breast,https://purl.bioontology.org/ontology/OFL/OFLID10414,Subcutaneous adipose tissue of subdivision of cardinal body part,http://purl.obolibrary.org/obo/FMA_74315
https://purl.bioontology.org/ontology/OFL/OFLID11081,Subcutaneous adipose tissue of lateral region of breast,https://purl.bioontology.org/ontology/OFL/OFLID10414,Subcutaneous adipose tissue of subdivision of cardinal body part,http://purl.obolibrary.org/obo/FMA_74315
https://purl.bioontology.org/ontology/OFL/OFLID11082,Subcutaneous adipose tissue of lateral region of right breast,https://purl.bioontology.org/ontology/OFL/OFLID10414,Subcutaneous adipose tissue of subdivision of cardinal body part,http://purl.obolibrary.org/obo/FMA_74315
https://purl.bioontology.org/ontology/OFL/OFLID11083,Subcutaneous adipose tissue of lateral part of right thumb,https://purl.bioontology.org/ontology/OFL/OFLID10414,Subcutaneous adipose tissue of subdivision of cardinal body part,http://purl.obolibrary.org/obo/FMA_74315
https://purl.bioontology.org/ontology/OFL/OFLID11084,Subcutaneous adipose tissue of lateral part of thumb,https://purl.bioontology.org/ontology/OFL/OFLID10414,Subcutaneous adipose tissue of subdivision of cardinal body part,http://purl.obolibrary.org/obo/FMA_74315
https://purl.bioontology.org/ontology/OFL/OFLID11085,Subcutaneous adipose tissue of lateral part of left thumb,https://purl.bioontology.org/ontology/OFL/OFLID10414,Subcutaneous adipose tissue of subdivision of cardinal body part,http://purl.obolibrary.org/obo/FMA_74315
https://purl.bioontology.org/ontology/OFL/OFLID11086,Subcutaneous adipose tissue of anterior part of forearm,https://purl.bioontology.org/ontology/OFL/OFLID10414,Subcutaneous adipose tissue of subdivision of cardinal body part,http://purl.obolibrary.org/obo/FMA_74315
https://purl.bioontology.org/ontology/OFL/OFLID11087,Subcutaneous adipose tissue of anterior part of right thigh,https://purl.bioontology.org/ontology/OFL/OFLID10414,Subcutaneous adipose tissue of subdivision of cardinal body part,http://purl.obolibrary.org/obo/FMA_74315
https://purl.bioontology.org/ontology/OFL/OFLID11088,Subcutaneous adipose tissue of anterior part of left thigh,https://purl.bioontology.org/ontology/OFL/OFLID10414,Subcutaneous adipose tissue of subdivision of cardinal body part,http://purl.obolibrary.org/obo/FMA_74315
https://purl.bioontology.org/ontology/OFL/OFLID11089,Subcutaneous adipose tissue of tubercle of right pinna,https://purl.bioontology.org/ontology/OFL/OFLID10414,Subcutaneous adipose tissue of subdivision of cardinal body part,http://purl.obolibrary.org/obo/FMA_74315
https://purl.bioontology.org/ontology/OFL/OFLID11090,Subcutaneous adipose tissue of left half of inferior part of back of neck,https://purl.bioontology.org/ontology/OFL/OFLID10414,Subcutaneous adipose tissue of subdivision of cardinal body part,http://purl.obolibrary.org/obo/FMA_74315
https://purl.bioontology.org/ontology/OFL/OFLID11091,Subcutaneous adipose tissue of superior region of right breast,https://purl.bioontology.org/ontology/OFL/OFLID10414,Subcutaneous adipose tissue of subdivision of cardinal body part,http://purl.obolibrary.org/obo/FMA_74315
https://purl.bioontology.org/ontology/OFL/OFLID11092,Subcutaneous adipose tissue of superior region of breast,https://purl.bioontology.org/ontology/OFL/OFLID10414,Subcutaneous adipose tissue of subdivision of cardinal body part,http://purl.obolibrary.org/obo/FMA_74315
https://purl.bioontology.org/ontology/OFL/OFLID11093,Subcutaneous adipose tissue of superior region of left breast,https://purl.bioontology.org/ontology/OFL/OFLID10414,Subcutaneous adipose tissue of subdivision of cardinal body part,http://purl.obolibrary.org/obo/FMA_74315
https://purl.bioontology.org/ontology/OFL/OFLID11094,Subcutaneous adipose tissue of back of thorax,https://purl.bioontology.org/ontology/OFL/OFLID10414,Subcutaneous adipose tissue of subdivision of cardinal body part,http://purl.obolibrary.org/obo/FMA_74315
https://purl.bioontology.org/ontology/OFL/OFLID11095,Subcutaneous adipose tissue of intermediate compartment of foot,https://purl.bioontology.org/ontology/OFL/OFLID10414,Subcutaneous adipose tissue of subdivision of cardinal body part,http://purl.obolibrary.org/obo/FMA_74315
https://purl.bioontology.org/ontology/OFL/OFLID11096,Subcutaneous adipose tissue of left olecranon region,https://purl.bioontology.org/ontology/OFL/OFLID10414,Subcutaneous adipose tissue of subdivision of cardinal body part,http://purl.obolibrary.org/obo/FMA_74315
https://purl.bioontology.org/ontology/OFL/OFLID11097,Subcutaneous adipose tissue of right olecranon region,https://purl.bioontology.org/ontology/OFL/OFLID10414,Subcutaneous adipose tissue of subdivision of cardinal body part,http://purl.obolibrary.org/obo/FMA_74315
https://purl.bioontology.org/ontology/OFL/OFLID11098,Subcutaneous adipose tissue of anterior abdominal wall,https://purl.bioontology.org/ontology/OFL/OFLID10414,Subcutaneous adipose tissue of subdivision of cardinal body part,http://purl.obolibrary.org/obo/FMA_74315
https://purl.bioontology.org/ontology/OFL/OFLID11099,Subcutaneous adipose tissue of thenar eminence of left palm,https://purl.bioontology.org/ontology/OFL/OFLID10414,Subcutaneous adipose tissue of subdivision of cardinal body part,http://purl.obolibrary.org/obo/FMA_74315
https://purl.bioontology.org/ontology/OFL/OFLID11100,Subcutaneous adipose tissue of thenar eminence of right palm,https://purl.bioontology.org/ontology/OFL/OFLID10414,Subcutaneous adipose tissue of subdivision of cardinal body part,http://purl.obolibrary.org/obo/FMA_74315
https://purl.bioontology.org/ontology/OFL/OFLID11101,Subcutaneous adipose tissue of right buccal part of mouth,https://purl.bioontology.org/ontology/OFL/OFLID10414,Subcutaneous adipose tissue of subdivision of cardinal body part,http://purl.obolibrary.org/obo/FMA_74315
https://purl.bioontology.org/ontology/OFL/OFLID11102,Subcutaneous adipose tissue of left buccal part of mouth,https://purl.bioontology.org/ontology/OFL/OFLID10414,Subcutaneous adipose tissue of subdivision of cardinal body part,http://purl.obolibrary.org/obo/FMA_74315
https://purl.bioontology.org/ontology/OFL/OFLID11103,Subcutaneous adipose tissue of medial part of right hand,https://purl.bioontology.org/ontology/OFL/OFLID10414,Subcutaneous adipose tissue of subdivision of cardinal body part,http://purl.obolibrary.org/obo/FMA_74315
https://purl.bioontology.org/ontology/OFL/OFLID11104,Subcutaneous adipose tissue of medial part of hand,https://purl.bioontology.org/ontology/OFL/OFLID10414,Subcutaneous adipose tissue of subdivision of cardinal body part,http://purl.obolibrary.org/obo/FMA_74315
https://purl.bioontology.org/ontology/OFL/OFLID11105,Subcutaneous adipose tissue of medial part of left hand,https://purl.bioontology.org/ontology/OFL/OFLID10414,Subcutaneous adipose tissue of subdivision of cardinal body part,http://purl.obolibrary.org/obo/FMA_74315
https://purl.bioontology.org/ontology/OFL/OFLID11106,Subcutaneous adipose tissue of infra-orbital part of left cheek,https://purl.bioontology.org/ontology/OFL/OFLID10414,Subcutaneous adipose tissue of subdivision of cardinal body part,http://purl.obolibrary.org/obo/FMA_74315
https://purl.bioontology.org/ontology/OFL/OFLID11107,Subcutaneous adipose tissue of infra-orbital part of right cheek,https://purl.bioontology.org/ontology/OFL/OFLID10414,Subcutaneous adipose tissue of subdivision of cardinal body part,http://purl.obolibrary.org/obo/FMA_74315
https://purl.bioontology.org/ontology/OFL/OFLID11108,Subcutaneous adipose tissue of interscapular part of back,https://purl.bioontology.org/ontology/OFL/OFLID10414,Subcutaneous adipose tissue of subdivision of cardinal body part,http://purl.obolibrary.org/obo/FMA_74315
https://purl.bioontology.org/ontology/OFL/OFLID11109,Subcutaneous adipose tissue of middle abdomen,https://purl.bioontology.org/ontology/OFL/OFLID10414,Subcutaneous adipose tissue of subdivision of cardinal body part,http://purl.obolibrary.org/obo/FMA_74315
https://purl.bioontology.org/ontology/OFL/OFLID11110,Subcutaneous adipose tissue of penis,https://purl.bioontology.org/ontology/OFL/OFLID10414,Subcutaneous adipose tissue of subdivision of cardinal body part,http://purl.obolibrary.org/obo/FMA_74315
https://purl.bioontology.org/ontology/OFL/OFLID11111,Subcutaneous adipose tissue of scrotum,https://purl.bioontology.org/ontology/OFL/OFLID10414,Subcutaneous adipose tissue of subdivision of cardinal body part,http://purl.obolibrary.org/obo/FMA_74315
https://purl.bioontology.org/ontology/OFL/OFLID11112,Subcutaneous adipose tissue of abdominal quadrant,https://purl.bioontology.org/ontology/OFL/OFLID10414,Subcutaneous adipose tissue of subdivision of cardinal body part,http://purl.obolibrary.org/obo/FMA_74315
https://purl.bioontology.org/ontology/OFL/OFLID11113,Subcutaneous adipose tissue of right infrascapular part of back,https://purl.bioontology.org/ontology/OFL/OFLID10414,Subcutaneous adipose tissue of subdivision of cardinal body part,http://purl.obolibrary.org/obo/FMA_74315
https://purl.bioontology.org/ontology/OFL/OFLID11114,Subcutaneous adipose tissue of left infrascapular part of back,https://purl.bioontology.org/ontology/OFL/OFLID10414,Subcutaneous adipose tissue of subdivision of cardinal body part,http://purl.obolibrary.org/obo/FMA_74315
https://purl.bioontology.org/ontology/OFL/OFLID11115,Subcutaneous adipose tissue of anterior part of floor of mouth,https://purl.bioontology.org/ontology/OFL/OFLID10414,Subcutaneous adipose tissue of subdivision of cardinal body part,http://purl.obolibrary.org/obo/FMA_74315
https://purl.bioontology.org/ontology/OFL/OFLID11116,Subcutaneous adipose tissue of posterior wall of left axilla,https://purl.bioontology.org/ontology/OFL/OFLID10414,Subcutaneous adipose tissue of subdivision of cardinal body part,http://purl.obolibrary.org/obo/FMA_74315
https://purl.bioontology.org/ontology/OFL/OFLID11117,Subcutaneous adipose tissue of posterior wall of axilla,https://purl.bioontology.org/ontology/OFL/OFLID10414,Subcutaneous adipose tissue of subdivision of cardinal body part,http://purl.obolibrary.org/obo/FMA_74315
https://purl.bioontology.org/ontology/OFL/OFLID11118,Subcutaneous adipose tissue of posterior wall of right axilla,https://purl.bioontology.org/ontology/OFL/OFLID10414,Subcutaneous adipose tissue of subdivision of cardinal body part,http://purl.obolibrary.org/obo/FMA_74315
https://purl.bioontology.org/ontology/OFL/OFLID11119,Subcutaneous adipose tissue of tubercle of left pinna,https://purl.bioontology.org/ontology/OFL/OFLID10414,Subcutaneous adipose tissue of subdivision of cardinal body part,http://purl.obolibrary.org/obo/FMA_74315
https://purl.bioontology.org/ontology/OFL/OFLID11120,Subcutaneous adipose tissue of anal part of perineum,https://purl.bioontology.org/ontology/OFL/OFLID10414,Subcutaneous adipose tissue of subdivision of cardinal body part,http://purl.obolibrary.org/obo/FMA_74315
https://purl.bioontology.org/ontology/OFL/OFLID11121,Subcutaneous adipose tissue of lower lip proper,https://purl.bioontology.org/ontology/OFL/OFLID10414,Subcutaneous adipose tissue of subdivision of cardinal body part,http://purl.obolibrary.org/obo/FMA_74315
https://purl.bioontology.org/ontology/OFL/OFLID11122,Subcutaneous adipose tissue of deltoid part of right pectoral girdle,https://purl.bioontology.org/ontology/OFL/OFLID10414,Subcutaneous adipose tissue of subdivision of cardinal body part,http://purl.obolibrary.org/obo/FMA_74315
https://purl.bioontology.org/ontology/OFL/OFLID11123,Subcutaneous adipose tissue of deltoid part of left pectoral girdle,https://purl.bioontology.org/ontology/OFL/OFLID10414,Subcutaneous adipose tissue of subdivision of cardinal body part,http://purl.obolibrary.org/obo/FMA_74315
https://purl.bioontology.org/ontology/OFL/OFLID11124,Subcutaneous adipose tissue of left palm,https://purl.bioontology.org/ontology/OFL/OFLID10414,Subcutaneous adipose tissue of subdivision of cardinal body part,http://purl.obolibrary.org/obo/FMA_74315
https://purl.bioontology.org/ontology/OFL/OFLID11125,Subcutaneous adipose tissue of right palm,https://purl.bioontology.org/ontology/OFL/OFLID10414,Subcutaneous adipose tissue of subdivision of cardinal body part,http://purl.obolibrary.org/obo/FMA_74315
https://purl.bioontology.org/ontology/OFL/OFLID11126,Subcutaneous adipose tissue of forefoot,https://purl.bioontology.org/ontology/OFL/OFLID10414,Subcutaneous adipose tissue of subdivision of cardinal body part,http://purl.obolibrary.org/obo/FMA_74315
https://purl.bioontology.org/ontology/OFL/OFLID11127,Subcutaneous adipose tissue of philtrum,https://purl.bioontology.org/ontology/OFL/OFLID10414,Subcutaneous adipose tissue of subdivision of cardinal body part,http://purl.obolibrary.org/obo/FMA_74315
https://purl.bioontology.org/ontology/OFL/OFLID11128,Subcutaneous adipose tissue of left female nipple,https://purl.bioontology.org/ontology/OFL/OFLID10414,Subcutaneous adipose tissue of subdivision of cardinal body part,http://purl.obolibrary.org/obo/FMA_74315
https://purl.bioontology.org/ontology/OFL/OFLID11129,Subcutaneous adipose tissue of right female nipple,https://purl.bioontology.org/ontology/OFL/OFLID10414,Subcutaneous adipose tissue of subdivision of cardinal body part,http://purl.obolibrary.org/obo/FMA_74315
https://purl.bioontology.org/ontology/OFL/OFLID11130,Subcutaneous adipose tissue of occipital part of head,https://purl.bioontology.org/ontology/OFL/OFLID10414,Subcutaneous adipose tissue of subdivision of cardinal body part,http://purl.obolibrary.org/obo/FMA_74315
https://purl.bioontology.org/ontology/OFL/OFLID11131,Subcutaneous adipose tissue of lateral compartment of foot,https://purl.bioontology.org/ontology/OFL/OFLID10414,Subcutaneous adipose tissue of subdivision of cardinal body part,http://purl.obolibrary.org/obo/FMA_74315
https://purl.bioontology.org/ontology/OFL/OFLID11132,Subcutaneous adipose tissue of posterior part of floor of mouth,https://purl.bioontology.org/ontology/OFL/OFLID10414,Subcutaneous adipose tissue of subdivision of cardinal body part,http://purl.obolibrary.org/obo/FMA_74315
https://purl.bioontology.org/ontology/OFL/OFLID11133,Subcutaneous adipose tissue of pre-auricular part of right cheek,https://purl.bioontology.org/ontology/OFL/OFLID10414,Subcutaneous adipose tissue of subdivision of cardinal body part,http://purl.obolibrary.org/obo/FMA_74315
https://purl.bioontology.org/ontology/OFL/OFLID11134,Subcutaneous adipose tissue of pre-auricular part of left cheek,https://purl.bioontology.org/ontology/OFL/OFLID10414,Subcutaneous adipose tissue of subdivision of cardinal body part,http://purl.obolibrary.org/obo/FMA_74315
https://purl.bioontology.org/ontology/OFL/OFLID11135,Subcutaneous adipose tissue of upper lip proper,https://purl.bioontology.org/ontology/OFL/OFLID10414,Subcutaneous adipose tissue of subdivision of cardinal body part,http://purl.obolibrary.org/obo/FMA_74315
https://purl.bioontology.org/ontology/OFL/OFLID11136,Subcutaneous adipose tissue of anterior part of right ankle,https://purl.bioontology.org/ontology/OFL/OFLID10414,Subcutaneous adipose tissue of subdivision of cardinal body part,http://purl.obolibrary.org/obo/FMA_74315
https://purl.bioontology.org/ontology/OFL/OFLID11137,Subcutaneous adipose tissue of anterior part of left ankle,https://purl.bioontology.org/ontology/OFL/OFLID10414,Subcutaneous adipose tissue of subdivision of cardinal body part,http://purl.obolibrary.org/obo/FMA_74315
https://purl.bioontology.org/ontology/OFL/OFLID11138,Subcutaneous adipose tissue of waist,https://purl.bioontology.org/ontology/OFL/OFLID10414,Subcutaneous adipose tissue of subdivision of cardinal body part,http://purl.obolibrary.org/obo/FMA_74315
https://purl.bioontology.org/ontology/OFL/OFLID11139,Subcutaneous adipose tissue of anterior part of right forearm,https://purl.bioontology.org/ontology/OFL/OFLID10414,Subcutaneous adipose tissue of subdivision of cardinal body part,http://purl.obolibrary.org/obo/FMA_74315
https://purl.bioontology.org/ontology/OFL/OFLID11140,Subcutaneous adipose tissue of anterior part of left forearm,https://purl.bioontology.org/ontology/OFL/OFLID10414,Subcutaneous adipose tissue of subdivision of cardinal body part,http://purl.obolibrary.org/obo/FMA_74315
https://purl.bioontology.org/ontology/OFL/OFLID11141,Subcutaneous adipose tissue of anterior part of pelvis,https://purl.bioontology.org/ontology/OFL/OFLID10414,Subcutaneous adipose tissue of subdivision of cardinal body part,http://purl.obolibrary.org/obo/FMA_74315
https://purl.bioontology.org/ontology/OFL/OFLID11142,Subcutaneous adipose tissue of left tragus,https://purl.bioontology.org/ontology/OFL/OFLID10414,Subcutaneous adipose tissue of subdivision of cardinal body part,http://purl.obolibrary.org/obo/FMA_74315
https://purl.bioontology.org/ontology/OFL/OFLID11143,Subcutaneous adipose tissue of right tragus,https://purl.bioontology.org/ontology/OFL/OFLID10414,Subcutaneous adipose tissue of subdivision of cardinal body part,http://purl.obolibrary.org/obo/FMA_74315
https://purl.bioontology.org/ontology/OFL/OFLID11144,Subcutaneous adipose tissue of anterior body wall,https://purl.bioontology.org/ontology/OFL/OFLID10414,Subcutaneous adipose tissue of subdivision of cardinal body part,http://purl.obolibrary.org/obo/FMA_74315
https://purl.bioontology.org/ontology/OFL/OFLID11145,Subcutaneous adipose tissue of right lateral chest wall,https://purl.bioontology.org/ontology/OFL/OFLID10414,Subcutaneous adipose tissue of subdivision of cardinal body part,http://purl.obolibrary.org/obo/FMA_74315
https://purl.bioontology.org/ontology/OFL/OFLID11146,Subcutaneous adipose tissue of left lateral chest wall,https://purl.bioontology.org/ontology/OFL/OFLID10414,Subcutaneous adipose tissue of subdivision of cardinal body part,http://purl.obolibrary.org/obo/FMA_74315
https://purl.bioontology.org/ontology/OFL/OFLID11147,Subcutaneous adipose tissue of verterbal part of back of abdomen,https://purl.bioontology.org/ontology/OFL/OFLID10414,Subcutaneous adipose tissue of subdivision of cardinal body part,http://purl.obolibrary.org/obo/FMA_74315
https://purl.bioontology.org/ontology/OFL/OFLID11148,Subcutaneous adipose tissue of upper abdomen,https://purl.bioontology.org/ontology/OFL/OFLID10414,Subcutaneous adipose tissue of subdivision of cardinal body part,http://purl.obolibrary.org/obo/FMA_74315
https://purl.bioontology.org/ontology/OFL/OFLID11149,Subcutaneous adipose tissue of inferior part of abdomen proper,https://purl.bioontology.org/ontology/OFL/OFLID10414,Subcutaneous adipose tissue of subdivision of cardinal body part,http://purl.obolibrary.org/obo/FMA_74315
https://purl.bioontology.org/ontology/OFL/OFLID11150,Subcutaneous adipose tissue of epigastrium,https://purl.bioontology.org/ontology/OFL/OFLID10414,Subcutaneous adipose tissue of subdivision of cardinal body part,http://purl.obolibrary.org/obo/FMA_74315
https://purl.bioontology.org/ontology/OFL/OFLID11151,Subcutaneous adipose tissue of posterior part of pelvis,https://purl.bioontology.org/ontology/OFL/OFLID10414,Subcutaneous adipose tissue of subdivision of cardinal body part,http://purl.obolibrary.org/obo/FMA_74315
https://purl.bioontology.org/ontology/OFL/OFLID106012,Perforator vessel,https://purl.bioontology.org/ontology/OFL/OFLID106012,Perforator vessel,http://purl.obolibrary.org/obo/FMA_86140
https://purl.bioontology.org/ontology/OFL/OFLID106014,Perforator artery,https://purl.bioontology.org/ontology/OFL/OFLID106014,Perforator artery,http://purl.obolibrary.org/obo/FMA_86187
https://purl.bioontology.org/ontology/OFL/OFLID106015,Perforator vein,https://purl.bioontology.org/ontology/OFL/OFLID106015,Perforator vein,http://purl.obolibrary.org/obo/FMA_86188
https://purl.bioontology.org/ontology/OFL/OFLID106018,Flap pedicle vessel,https://purl.bioontology.org/ontology/OFL/OFLID106018,Flap pedicle vessel,http://purl.obolibrary.org/obo/FMA_86140
https://purl.bioontology.org/ontology/OFL/OFLID106019,Flap pedicle artery,https://purl.bioontology.org/ontology/OFL/OFLID106018,Flap pedicle vessel,http://purl.obolibrary.org/obo/FMA_86140
https://purl.bioontology.org/ontology/OFL/OFLID106020,Flap pedicle vein,https://purl.bioontology.org/ontology/OFL/OFLID106018,Flap pedicle vessel,http://purl.obolibrary.org/obo/FMA_86140
https://purl.bioontology.org/ontology/OFL/OFLID11152,Vein from gastrocnemius muscle,https://purl.bioontology.org/ontology/OFL/OFLID11152,Vein from gastrocnemius muscle,http://purl.obolibrary.org/obo/FMA_78204
https://purl.bioontology.org/ontology/OFL/OFLID11154,Vein to soleus muscle,https://purl.bioontology.org/ontology/OFL/OFLID11154,Vein to soleus muscle,http://purl.obolibrary.org/obo/FMA_78204
https://purl.bioontology.org/ontology/OFL/OFLID11155,Second to fifth metacarpal artery,https://purl.bioontology.org/ontology/OFL/OFLID11155,Second to fifth metacarpal artery,http://purl.obolibrary.org/obo/FMA_22738
https://purl.bioontology.org/ontology/OFL/OFLID120001,Segment of intercostal artery,https://purl.bioontology.org/ontology/OFL/OFLID120001,Segment of intercostal artery,http://purl.obolibrary.org/obo/FMA_3711
https://purl.bioontology.org/ontology/OFL/OFLID120002,Vertebral segment of the intercostal artery,https://purl.bioontology.org/ontology/OFL/OFLID120001,Segment of intercostal artery,http://purl.obolibrary.org/obo/FMA_3711
https://purl.bioontology.org/ontology/OFL/OFLID120003,Costal segment of the intercostal artery,https://purl.bioontology.org/ontology/OFL/OFLID120001,Segment of intercostal artery,http://purl.obolibrary.org/obo/FMA_3711
https://purl.bioontology.org/ontology/OFL/OFLID120004,Muscular segment of the intercostal artery,https://purl.bioontology.org/ontology/OFL/OFLID120001,Segment of intercostal artery,http://purl.obolibrary.org/obo/FMA_3711
https://purl.bioontology.org/ontology/OFL/OFLID120005,Rectal segment of the intercostal artery,https://purl.bioontology.org/ontology/OFL/OFLID120001,Segment of intercostal artery,http://purl.obolibrary.org/obo/FMA_3711
https://purl.bioontology.org/ontology/OFL/OFLID11153,Branch of popliteal artery to soleus muscle,https://purl.bioontology.org/ontology/OFL/OFLID120009,Subdivision of popliteal artery,http://purl.obolibrary.org/obo/FMA_69458
https://purl.bioontology.org/ontology/OFL/OFLID120009,Subdivision of popliteal artery,https://purl.bioontology.org/ontology/OFL/OFLID120009,Subdivision of popliteal artery,http://purl.obolibrary.org/obo/FMA_69458
https://purl.bioontology.org/ontology/OFL/OFLID120010,Medial sural artery,https://purl.bioontology.org/ontology/OFL/OFLID120009,Subdivision of popliteal artery,http://purl.obolibrary.org/obo/FMA_69458
https://purl.bioontology.org/ontology/OFL/OFLID120011,Lateral sural artery,https://purl.bioontology.org/ontology/OFL/OFLID120009,Subdivision of popliteal artery,http://purl.obolibrary.org/obo/FMA_69458
https://purl.bioontology.org/ontology/OFL/OFLID120012,Superficial sural artery,https://purl.bioontology.org/ontology/OFL/OFLID120009,Subdivision of popliteal artery,http://purl.obolibrary.org/obo/FMA_69458
